b71ed5cf13ec4377b4d29c2e8436eb24,5df3d4a7246a482d8f06d055be673867,165d4f495fe14745a6130125e5393020,c931cf107b174ac68efd5b06b50f6425,2192a9b28b83477e899428a6d23c3e0d,824ed859abef4f01bf68666036fed130,1426e1680a8f42fb8534d562aa1b5a46,13a37ba94b854faab6bbf22741f8aacd,d5a505fe3c3a4cf38dbf3b6823e7f909,a59017885ea641a59b0bcd4b89982096,0cc413d3f52c4f94ac49d690a4c79289
831fe0568c854a8eacfdfef22f965b11,bdef5e989b8d4b868ce06b51ce8ac81b,75436fed238e4a06aa6d74732132bf8b,b0d43e2fd63148929cf050bde5db6470,7d7af187b87243c0b7ee0f5f9e6ef833,90fced07ed524bc9ab6a8ef8b38371d4,c6ebb6f99d454ae793fdaadb5b2f776b,75800c15a29a4964a7ec2cbce20135eb,d1266a8a69004463a9c56c09a4b55349,c49df913cb1c4b24b6a7c3d90ebfd915,dc9dda3b6c41409eab99f3e41dd8cde8
9146e641dfd147788ad5120854287b66,59af67f063764c159d86f3464d5767b1,0edecc145b6e4448ba3b257790090f8f,1a0365d2cebf435b89f0da47e1a249fb,0e865cc057074d14b13a92416727e020,dc1b0d05d03d4430a9cb0a02a3614553,0020d9ccf91f4944afe069070529bd34,dceea955fdad4d9c9b816acecf3485e5,2bfa3c99576d40f3867bd2e1888a46ca,b4275445a0654734a0f49074e9c02cd8,686f3767556d4a609e5aa232c17f5860
81a3f6e40f7c45c8b6937f4ccc5c4b73,e9d64e9e9b19498c93aaf7ca5146eeb8,10af960714cf40a08bd1727807d15ffe,2d6f0957136948f2be711e399cba9c37,e5b042998c374a479da63d501c8be25f,d9a5e7d9a63f41dfb2a1471e0410d729,47a0a9eec4864387a8ccdfbf5616f1f4,5d8ea0b6761a4da38b012390c3ccc7d6,c83f40a288eb4387af5f4e3ac35af10d,4a74622af3df447c8c660567ac3a3350,e514d8e936e9408baeccad4ab3b391e8
dbdce53e3585409bbb0115362d235add,bd8d1edfd6c04f84831180e657980156,615676b020a64fd0bf8ed64fcc79c6c4,33f8939d09984bd2a82e0884ef035f3c,242d70d9d18245dd9fd059e09a227003,0e74e5cfd73f4583af5ae95eba1a255c,e7b43fb77ad2422e84575091fe4fa03a,0acad9cf540945428c721710c05b0796,525f99f36a414fd1af5c3209577c8aea,16f8a03513bf4494949341a3904866e0,9b81ed3fa8d7439489fc52dd46beee74
9a1e0afd4b314f339210629babd2ef3a,0f2ae5db4ee6476fbb0e1a8a9b90caef,395c22db326348d591aa1eadc960a91c,147432c2c2e94f73bb79e3403fd957bf,9b87f7a0af4f4214886241416e87ea05,4473ec14ed19439782979cd0f7112c98,d2acba7bb8934d66ad240975e64b9356,0db6542c5a2c4382aea954e8189e1b70,dec1341e36cd4f8ab32b48ffa77e7c97,52096473cbdc48d08a98f6e7d4cd75bc,3d9cb136ffe84d31a814078628702799
b7c6cb79bf6048ae8e25ab4c3e8cdb3a,52a9f3a17dca4d5a897410224c777892,a7f6fba4e34942969085f4662c5e2ef0,34ce7989a4c440a882c40fa7891ce9d4,fa85750c2b0c43e895659ff48f18efb0,e4a634e82f244f56bf097cba57e58fd3,a21d52f0fdbe48e282529003988c4358,89dfb17d7aeb4b549835a75fa7ad0747,b0f824b088954b1db7ee47af12fdf054,08aebb98964a453293af497e8f77e898,06f871bdfcde4da8854825aea2fa6f2b
78bea851fbce4dd3953341f1ffd9eb9e,595c70af27fc432ba1fdedb81adc5c3a,fe31af8bdb7c4777bd90f84b6bdf06da,7ddc8c06ca39448d812073d60abefa15,519a8b6ee8aa4ef2b70a190e516258b6,6ac6b312bba6439b8d169fa0a5f147e4,2977c87360b24866b60d4ea57cec7fc6,5d7504e919c04f29843ea03bc6a4021d,ae226303a6ec412e9d259af1ae21ed15,c7cb6efd91944b2f8cda4fc888b2a7ba,59ee5e451406490ab0f1c63d44ae6c0c
041100eb8d584ec19caad0decd6e9a16,220b410d8f4b4cf18e0d2d791f988c3f,35670e367bd041ef863c012317fced53,99c4b99e6e704e63aca525cf56328480,906132c62fcd4fb1bd79cf483284f563,ff21d7892fe54b71a9dbd2b2fb5c6366,021b1f5e4f3d4ed4ad4e6aeb993977ed,5a3b53cdc8044133ba86c6febc372440,a20d7ebd03784407be6c31012611177d,b70f0a39763749a199c22c426ff10328,d9c53691e52b48d89c8a084a2b2b8d1d
6d0e23b271a9450ba7de768c6ac7fcfe,3010b10322014c1ba826b2197cc316a1,d2d65fea13ac4472a15421fd83ef9c96,f1b508d0e6744af0b996ec9f2c93ec86,e7d5d4e34d7449888ea47d040ab5e590,264209a7e43640c38edd8b4296bcd959,100b0002537e40e7a4d9fcb5f82ddf33,473a187ff44443f8a3492c3f36601959,065b1e1ae9894aa98df9ec0f2803621a,806f482c346c449cab5ab4e8cb68514b,ea172bf600d8492bbac629bf51b87d61
404dfd7a69164636823ba07fe10cad43,833fd05701f74898afef1c31c2bae668,f981883fbcce46d2b441ec2890599eee,b3e59e519de24e47be890e779618c256,1c947fa04b1440fa91ab5c5a408e54d4,a66be38173e246be9a34aba8b975ecec,c887b03237dd4ca888831b90b8a42139,91be73936cda428bb42423f4860d42cb,9802eea141f344928c3b557037d77db6,94ba940609114bf99c25d0bb1b3c473e,06017d36b7f14557b42547c53e87af4b
54ad976b0d6c4cacb8206bc64f3647d6,932f170e51c740a5a5d37bc9c255ba9c,7a22d42647e642058cfd0f36e6de3bc1,7a82a9b9e31b4643939d9456eabe22f6,c841c802c04d41d49b16d775806adb29,b772c296c8d442e1bb364bd0b979ba2c,9bb391cc299f46dda9707c10594c7aa9,44cdc5d829ad4d9c963cb3dfd6d462e9,7f08ad01b7704bba935ca5ed65e13dbe,f024852dda3a448297ae6f8d17f010ae,c5ead71e129b466185355c2a9778ca1c
6c30bfc2917742918b35c7b62465bdbc,8d8621dcd43740ff8eafec9b7e4e3a90,cf510d6e451c46de991968709a5d1541,708eaff36c8b4f17b9b53a4cb0eeafe6,67d178b8f1794bbc9b226c7906aacb21,e9993ad45a9549ab9124fba29f12f122,264209a7e43640c38edd8b4296bcd959,b0b4c711968342649155226e37ecc60d,8616205644174cccab53bf321bc5e38f,410056de626e42b884a63b3779cc8b32,36d3f69585524658ae4761b7c924780e
0ee751f5106747009c997a46919f2367,ba328a988df1403794cb7e8063233a08,a2f9cdee3f7640f29cef4defc6814dfb,8d231b35103b417db35186e983300422,a6daf81e034241f480b229768a3c8a5c,a0f1fdefb6e24b81a79a365d8214b711,d50c62f7ed674353970d4b329d4df0a7,a0fb456e339b44c7b6a5fea65a7ef66b,b3e59e519de24e47be890e779618c256,c5ead71e129b466185355c2a9778ca1c,e3505af9b4cd432e82e19b1720d1337e
8c6f3984b50b449e949a7e5eef16ba67,ed3e2a1728564602bed75eb828f42984,7952fdfd854a438fba2a0ab8fd1f6138,012d99f1d50645bdab3fea0371ff3ab5,6981c91c7a874901957de1abfd270ef4,c96d80e4ce734b14a62879a3a5c6cbcb,9fd696b4294b4b0792f06ba958b01624,c32ef47204274b5c95199d4c27196415,187a492e2cd04cf7957cb853ddd8f03b,475371f56fef495ca7f1a6207dd3296c,b34e10c1cf774f29a1bd3c365711c7b2
507843ed09754f6da00da29e990b24d7,7c0137938d5a4d51b35713fd16c5cf18,4909862ce4e747389e0411f6b142f560,798395e7db2d4eecaef4610acf8c3a62,353cc66a166346be9b6d1f3f17024b05,8f9c1e9624924392ad8e0e2f1fa0b467,3ddf286cacab4c3b9424bf865e90051d,87352d5a19bb49ec9511ab0340bdb84e,d55d3dcd951c440d8395fac18663056b,6cfc225dfeab49a297f46b1d4594f546,83d26d4ef98f40da80bc50b19531f3dc
e1215c71fda140c1a98023528cc96870,379936672c0d4a0393be6bf0cebbfae6,c49df913cb1c4b24b6a7c3d90ebfd915,c6ebb6f99d454ae793fdaadb5b2f776b,7d7af187b87243c0b7ee0f5f9e6ef833,75436fed238e4a06aa6d74732132bf8b,6a35037133914287968b107fca93a80b,978a94e0e210473184bfeeedb8cd5ceb,f0172286a95f4254b3e45aceacfa9340,dc9dda3b6c41409eab99f3e41dd8cde8,b0d43e2fd63148929cf050bde5db6470
4ef2848605e8460fac202a3ff3a7eac0,b4275445a0654734a0f49074e9c02cd8,8a0d96a0a3774936b7186abf4e70609b,2ad0af9968b443c49e0f082780ed02f6,265b6257356c4a00b65203f528a8b979,a6df6bc285f1405f9276176d8ddd2818,bfe6cd98d3c84dc2988c8d39dbd4d835,796f2c4a8e8f404991bbedcba3b90a35,dc1b0d05d03d4430a9cb0a02a3614553,2110cddae6a442dda993c55a12921e3b,42d603f86d70443585b9ee258389ac3d
15c23300bb7b49d1b3e444e67f239721,0319a833ee26436a8ab428497abaac60,c6973c93517b4e75b251c50319dcf284,3734e83cf4124413aec2f9a7000e321e,ce21f3627bf34462a9734cc8ddd64935,948e670a173e4428ac2abf92ebed643f,7aa2d198b2734ec4b756cf80e6826bfa,56dfc41ba1204b8480deac5d9963b578,eeaaa5ac03324f7d833862f90da0b908,dfefb591df2b48b98813a73f4f6ed738,539c4e2bbed84df2a88066bbf9cd1ed2
d356962e487547a193f2939fb910b202,c917db5fe3464803aa84f92c8a75c19b,bce1558d0f224222a1c3d750217a7ed5,03a5c3e214b844eea8c2549f7a58f6bc,52096473cbdc48d08a98f6e7d4cd75bc,4473ec14ed19439782979cd0f7112c98,1f7d3b81956543e68118c3343f6dc379,f4d283460bd8449f857c0a87fef6387a,395c22db326348d591aa1eadc960a91c,f9ead7da5c44400183662d8283928c7c,8444abe111414ca79823a1f2e1f67a73
a6298c823fdd4a9cbcfb5338d7c971b3,14acb3e28cdc4388a1a26121588ed27c,6c56ac4e773e4ca5a3f0c79eaebf9a01,63af7c89d59944d7a40c579d0967df24,0e6ce8343aab4415a1fcb4c8f998bf46,c61e1e592570487088074cef60fbc753,473212fb140a4e38ae84255e4b18746a,699e13d9a3f84d34a09edb302a900a37,1001576fa097481fa3e0ff2fff4496f1,efa7fd05ae0f44c9aca2ecc5f86cbdfa,c699e17aae0a485aae0fb50c9f1c875c
ce279fa7df4c470eba776f47847bc2e4,da9dd373193944148bd440d5014b9552,961c5f38ca9b4de88a8f9629c5df27ee,6cf593e7c60c4090bb9aa60c5a336a16,28e3891b0c47438c81373da13e104180,f51eb8efd12f49c1a9e3137970dd4ddf,f49a5e3d176a41dcaec3ca6c16fb2aaa,b1063a3ba698493ebabf38471ccb741f,978a94e0e210473184bfeeedb8cd5ceb,f0172286a95f4254b3e45aceacfa9340,379936672c0d4a0393be6bf0cebbfae6
6aef8655a75144bc90b08a107e4fe6a6,bdef5e989b8d4b868ce06b51ce8ac81b,b0d43e2fd63148929cf050bde5db6470,75800c15a29a4964a7ec2cbce20135eb,d1266a8a69004463a9c56c09a4b55349,90fced07ed524bc9ab6a8ef8b38371d4,31d46b6ef6fd4860acc5026f7d11903a,23d871d6e63f48bc995893a9be40360b,d5c26b56f95447fcad9edfcbe24096ab,c6ebb6f99d454ae793fdaadb5b2f776b,a483211857ce4ce8928ee6dc66cff7db
4dd03d16715a49d98fce909b629115fe,1b1469d98377499fbdb5fe34709da9ca,fb13feb0cc1d4bb7b851618fa251e5dc,cfcddff5376443d5b0c607c285b266c5,5eb9cce498104e90890e62561d300e91,018e533205f04ef7b3abfa98df061077,500270bf0eb44861b275cb7357d8410c,f5b9dd1be0b04212ab728e6b029c6de5,c5fe41016fc040869ffc83a01affc571,0b741dcbeb564891a80ce18d0144a3e4,c96d80e4ce734b14a62879a3a5c6cbcb
3cdf56affc0a492b9f891bec52525ccd,58a8bdeb687a470fb02413e864c83de4,412b7215e4884719b2331cdff153157e,caf9c73677b64065bceb57851aa89092,41c45de422674e77b24675b344d5c5aa,482f0965b7b64cbd930bb9cc1f1401b8,0a1fbbbea2864a36a06862f526a7b996,1f5d5e3453314ffa88e462a485281163,71f230477cdf407999e0ef550b3a136f,0ac6ed881ff7408ea27f789032273c16,ad1042adffe94664bb7cd990f23aa09b
9aed07ab8e1d4d8394f656466f85386a,35180a4e2d8f4e38b4da76e4f3bdfd3f,ca6374c8598046dbb2b50a08b573f76a,667d2ed2c26c47efab4a627de90969d5,74e5f3c1d74149bfb9c59b58092ee223,a50e825871ac4c7f9114b48c83ab4633,e4d5292f66414aba8544a8e6dc076404,6bddb085b250405986a89a4b92bf8d8f,366fb77451fd4304bc110fb19018e7d8,71220ac971dc4b12b5c9c9f4ea9e2d7c,97c466992a9b49d6be6e341b045ffa8d
c98afaf8b06e437fb127f5743845e5e5,58081382ae754a62b8315e602ed14779,d562f1e26c7a4c85b7ab8532401e5797,7ffcddcbad37459889c6c9065dbb6a10,f5f6e240d61447bb90db587a4a285641,fa22fd2fdcca4febbf829641153647ea,0b22223d81bc4914985802e7467200fd,f241413df3704619b73d41b93bff90b2,84f1c71c0d0941d381ca8b8a9993a0e5,48d649080c4641c49118ac97fdfa6b41,4d9dcea3259a4f98ba0da1bc52f74764
57745068fda341bbb6cc8bd21bcf26c6,4d9832d64c20483a9b34f85add0bb031,d8caa920d1d042fca921897d69f0a726,dcb2408a6ac7421e967194a13350d82b,1f4e759d3fa94fa1b0541b146a40e1d9,b805494f5464419a919efe1ff113cdc0,bdd81c612d79477693a3401a32d5b10d,391332c620834e4da0b969ed3869c1d8,3055673ebc9a4bd490ed031812bf874c,a7773e2468284e18b22f69f97f882e9e,df8331c06b1244f1b143412ba654e883
856a3fa4b1de48aca952bf70db8b03fb,796f2c4a8e8f404991bbedcba3b90a35,c0bc2ed435a042cea7b6ffb238b55bda,b4275445a0654734a0f49074e9c02cd8,ab70fd4fbd5a47f2a685310e587e6619,2ad0af9968b443c49e0f082780ed02f6,1cbb488410e343c98b3727b15f5cd886,8a0d96a0a3774936b7186abf4e70609b,a6df6bc285f1405f9276176d8ddd2818,9c377baf28174f949fa4caa5c386f062,a1f6f6456f45452dbeed62bcc46e2cc3
34c2df1001964bb8b48fe6442d67e300,519a8b6ee8aa4ef2b70a190e516258b6,6ac6b312bba6439b8d169fa0a5f147e4,fe31af8bdb7c4777bd90f84b6bdf06da,595c70af27fc432ba1fdedb81adc5c3a,eaf046dc3db74e1a830e1765479d4bc6,ad19cccbb6874ba0b7931906436a6998,7ddc8c06ca39448d812073d60abefa15,2977c87360b24866b60d4ea57cec7fc6,0073c1e071e54069b4786633e678cd75,ffb83493992e49f69f5c7d6a0da9f058
76c40e4ef37144b08d10d12fd96bcfd2,6ac6b312bba6439b8d169fa0a5f147e4,519a8b6ee8aa4ef2b70a190e516258b6,fe31af8bdb7c4777bd90f84b6bdf06da,7ddc8c06ca39448d812073d60abefa15,595c70af27fc432ba1fdedb81adc5c3a,2977c87360b24866b60d4ea57cec7fc6,35180a4e2d8f4e38b4da76e4f3bdfd3f,ca6374c8598046dbb2b50a08b573f76a,667d2ed2c26c47efab4a627de90969d5,25d77b9ca16c4a238667fb20b92ab427
5835acc3505745ef9d594ea72fe7da1f,0319a833ee26436a8ab428497abaac60,c6973c93517b4e75b251c50319dcf284,3734e83cf4124413aec2f9a7000e321e,ce21f3627bf34462a9734cc8ddd64935,7aa2d198b2734ec4b756cf80e6826bfa,948e670a173e4428ac2abf92ebed643f,539c4e2bbed84df2a88066bbf9cd1ed2,56dfc41ba1204b8480deac5d9963b578,787c523bba224b2bb8dc4c5ac07ef274,eeaaa5ac03324f7d833862f90da0b908
c791a4b1054f44ca9243dd66c9eabc5f,d28dcdb66adc48f196b827406776aebd,c004dae2c35d4cc8bb12749c86f337bf,88a38730b10b4cce867a4500e6284160,8cff10547bcd4b6f98f5aeda2816481c,3ce718aa62404794b8877b3c894945e6,ab70fd4fbd5a47f2a685310e587e6619,a1f6f6456f45452dbeed62bcc46e2cc3,08b8ddc46d234318907c0b62545efa4e,1cbb488410e343c98b3727b15f5cd886,0a07e9dbb2544f50a35f97d55835e1b0
186405d817e44d62a3ccdddd0cea3f56,d5959c842705431f9d2c631348fd6f0c,cd976cb253c34b29ac8c78bfe134102a,759956e0a35f472aaf6b421327dc9ed1,135ed5e19d8642f1abbc1da832f930d8,16c96c8da0ea4e8e84cd8c1cd98898f2,b611c87cf9ac4c2cb10f66bf3d317ba3,3f53002b52634d3084744b833ddaa2d5,e6a973b94f8a4840b997f486fb26c65b,9059e5fe5c97436cb983fa9c5c133e0b,efefc02efc8b42a389781b22b17e2bf0
a62d99d7ae51444b87eb078ac3b1b298,debbb8329fea47fc838c9858a3ab1b7a,88b9875d15dd4152a2531e18b507ffd7,d057f0bda4a347a199c24138ff80b54c,5d0cf7ad0e7041b29a73ec7fba672608,fdb725bdfdfa4d999ed7aec1411df5b6,e917d552a88b411787c33d3c7f2300ff,7f14a57f07b546c4a4a6cd5dc687eb2e,a361f4cf65f34d49aaeed4fe1259c6da,0b36ae97505f48979ab345e8c96185f5,a4e955cf180843b98ca0c6271a265cd8
8de5377423e8416092c5c02f5bc5fe27,25d77b9ca16c4a238667fb20b92ab427,5fa6e283d639453aac3c100725918b76,667d2ed2c26c47efab4a627de90969d5,ca6374c8598046dbb2b50a08b573f76a,35180a4e2d8f4e38b4da76e4f3bdfd3f,71220ac971dc4b12b5c9c9f4ea9e2d7c,366fb77451fd4304bc110fb19018e7d8,6bddb085b250405986a89a4b92bf8d8f,a50e825871ac4c7f9114b48c83ab4633,e4d5292f66414aba8544a8e6dc076404
98a5070b9e5545eba630dd16f25c365d,ac136177d5824e2380721c4ceafd8a2a,f8a552a02b2b467bbff1bd8fef453ded,9b51879f67304ad180f0ce385fa8cbcf,7db9d83cfe034fe0ac2db1ceb8348818,6f4b7430d51a4fc9b9a15fac2c51562b,88318ab2d0884b409faef7fc18934355,613d7eef3cf3473e8c4028e52b031a27,8ca26181219a4ac48f9ffc92c1a9745b,ff3ff5c253744570a8708608f01d1c46,d113cb5cf2e244aaba540684639b6ffd
eda6b6d3f66a48789866ef2757c500da,6cfeffba5a3e482da716d4ecba1f5c56,74054301dc504723ae9bdc68a83793de,930bec3be80d4f078114241d164b49a5,1a8890ed47724179b60b4e01d724e9ad,f9f4c5056d834e049b3cebbc8f9686ff,4494dd8a18c94b48887c57a3639ffbba,c70e8e7af9364de6b64710b019766580,e47d1cd5cf8c4c4795488c6dc415940e,c5d554ab7949496e9c436ba01849c1b7,ffde07b2c54949a6b6b35d59d5b1fa01
5cd207433c594270a775359c342cfe6d,a0f1fdefb6e24b81a79a365d8214b711,a6daf81e034241f480b229768a3c8a5c,d50c62f7ed674353970d4b329d4df0a7,ba328a988df1403794cb7e8063233a08,8d231b35103b417db35186e983300422,a2f9cdee3f7640f29cef4defc6814dfb,f981883fbcce46d2b441ec2890599eee,833fd05701f74898afef1c31c2bae668,c887b03237dd4ca888831b90b8a42139,b3e59e519de24e47be890e779618c256
784b85da77984d3288f33380462144c6,16f8a03513bf4494949341a3904866e0,9b81ed3fa8d7439489fc52dd46beee74,525f99f36a414fd1af5c3209577c8aea,33f8939d09984bd2a82e0884ef035f3c,0e74e5cfd73f4583af5ae95eba1a255c,242d70d9d18245dd9fd059e09a227003,615676b020a64fd0bf8ed64fcc79c6c4,bd8d1edfd6c04f84831180e657980156,e7b43fb77ad2422e84575091fe4fa03a,0acad9cf540945428c721710c05b0796
0d1dd7abe90c4bd79a98713cc7b15350,93cafa7a655748d9af153f04f3660a98,a483211857ce4ce8928ee6dc66cff7db,b0d43e2fd63148929cf050bde5db6470,bdef5e989b8d4b868ce06b51ce8ac81b,90fced07ed524bc9ab6a8ef8b38371d4,d1266a8a69004463a9c56c09a4b55349,75800c15a29a4964a7ec2cbce20135eb,c49df913cb1c4b24b6a7c3d90ebfd915,75436fed238e4a06aa6d74732132bf8b,dc9dda3b6c41409eab99f3e41dd8cde8
4512f4c9b4fe404db8a932efb6195c12,1194e05ccd15414bae793d4e88bc95bd,6fa230afd3544c2da2dd33799489cc48,c99e98d5cf884990bcd5e997cbd8f161,d28dcdb66adc48f196b827406776aebd,c004dae2c35d4cc8bb12749c86f337bf,8cff10547bcd4b6f98f5aeda2816481c,3ce718aa62404794b8877b3c894945e6,88a38730b10b4cce867a4500e6284160,38601e71e958457bb1594eb46e82514a,d304eeb9dc094af69c53394352649964
331a99f0323d484bb4a7e5d74cfd4774,c841c802c04d41d49b16d775806adb29,9bb391cc299f46dda9707c10594c7aa9,b772c296c8d442e1bb364bd0b979ba2c,44cdc5d829ad4d9c963cb3dfd6d462e9,f024852dda3a448297ae6f8d17f010ae,7f08ad01b7704bba935ca5ed65e13dbe,932f170e51c740a5a5d37bc9c255ba9c,7a22d42647e642058cfd0f36e6de3bc1,c5ead71e129b466185355c2a9778ca1c,e3505af9b4cd432e82e19b1720d1337e
8a7f112bd19c4b42bf192907bd69a553,d48c3e5a9fa84229ae50ac91920596b9,635dce00edd942ecb5c18d0c0080c4c6,dc0670e8a5414e07b79b82b0e0770095,7cc436b52a454cca8ac75241316d845e,27e06d7eab874314b4c55e22418e7ac1,598f359622514e5f8b69f29a05d36737,6ae675e25e06437092a316d78eb12f63,802da89e7dbe46b5a1901f413c933298,41b1122ac725411f94ec7b150bd59f1b,acbc18f331bf40649d34d9cd28b098c1
c1df5dce1fa946b68188af887a2244e0,ba328a988df1403794cb7e8063233a08,a2f9cdee3f7640f29cef4defc6814dfb,8d231b35103b417db35186e983300422,a6daf81e034241f480b229768a3c8a5c,a0f1fdefb6e24b81a79a365d8214b711,d50c62f7ed674353970d4b329d4df0a7,b3e59e519de24e47be890e779618c256,c887b03237dd4ca888831b90b8a42139,59ee5e451406490ab0f1c63d44ae6c0c,a0fb456e339b44c7b6a5fea65a7ef66b
5f0ad3cb7c2d49f082bdd4d9678e84de,16f8a03513bf4494949341a3904866e0,9b81ed3fa8d7439489fc52dd46beee74,525f99f36a414fd1af5c3209577c8aea,e7b43fb77ad2422e84575091fe4fa03a,0acad9cf540945428c721710c05b0796,615676b020a64fd0bf8ed64fcc79c6c4,bd8d1edfd6c04f84831180e657980156,33f8939d09984bd2a82e0884ef035f3c,0e74e5cfd73f4583af5ae95eba1a255c,242d70d9d18245dd9fd059e09a227003
5ef9741867d6437bad5d525ba3105e89,f49a5e3d176a41dcaec3ca6c16fb2aaa,b1063a3ba698493ebabf38471ccb741f,f51eb8efd12f49c1a9e3137970dd4ddf,961c5f38ca9b4de88a8f9629c5df27ee,28e3891b0c47438c81373da13e104180,6cf593e7c60c4090bb9aa60c5a336a16,da9dd373193944148bd440d5014b9552,64f7aee2fc3e49f5a1259847e2379a36,ca092d1c53684cf496addaff9d781e07,4018563cc4ae4a9b9403292c6e4a4237
c0a35bfb48c544bbac3d0adaf8e43264,598f359622514e5f8b69f29a05d36737,d48c3e5a9fa84229ae50ac91920596b9,dc0670e8a5414e07b79b82b0e0770095,635dce00edd942ecb5c18d0c0080c4c6,7cc436b52a454cca8ac75241316d845e,acbc18f331bf40649d34d9cd28b098c1,41b1122ac725411f94ec7b150bd59f1b,27e06d7eab874314b4c55e22418e7ac1,bc378f7f2c514e298253c2cb004c2c60,f94b488901a3453c9c04a232eab32ba8
b1624a6e9dca47c5b1cf52678271be32,b611c87cf9ac4c2cb10f66bf3d317ba3,e6a973b94f8a4840b997f486fb26c65b,9059e5fe5c97436cb983fa9c5c133e0b,c841c802c04d41d49b16d775806adb29,9bb391cc299f46dda9707c10594c7aa9,16c96c8da0ea4e8e84cd8c1cd98898f2,b772c296c8d442e1bb364bd0b979ba2c,135ed5e19d8642f1abbc1da832f930d8,613b9c45f0de405fa2362acc4c7729d9,d37b6f95ee0748c5baf881b888668921
dfc3d826306b465a881de834908b167d,58a8bdeb687a470fb02413e864c83de4,412b7215e4884719b2331cdff153157e,caf9c73677b64065bceb57851aa89092,41c45de422674e77b24675b344d5c5aa,0a1fbbbea2864a36a06862f526a7b996,ad1042adffe94664bb7cd990f23aa09b,453b094831ab4f47b24fa1a248376527,dfea17cc85ce454bb44859ea0c8f8e49,482f0965b7b64cbd930bb9cc1f1401b8,1f5d5e3453314ffa88e462a485281163
59520dce675a46ffa8e6269448a1b77e,10af960714cf40a08bd1727807d15ffe,2d6f0957136948f2be711e399cba9c37,e9d64e9e9b19498c93aaf7ca5146eeb8,4a74622af3df447c8c660567ac3a3350,cf665e73c33c4f0b8bec3e1ade2871ce,2a49b89dfde442f5a932c5480fdaa6e2,4cba1145a8244155b8055255dbe7dcad,06d952d066794041971422d3ca369dee,d9a5e7d9a63f41dfb2a1471e0410d729,5d8ea0b6761a4da38b012390c3ccc7d6
6d0ab45526ae46ee96bf7c844df6de71,08aebb98964a453293af497e8f77e898,06f871bdfcde4da8854825aea2fa6f2b,b0f824b088954b1db7ee47af12fdf054,c62011c694af4d06851a74e4210ecf52,7c9bd8dbe7244d559fea35071cc4013b,95646965bd7e4dad813a312d4a1f66b2,75c4642452e64913bf94747b94f27452,5687f98fb85d48499e16db784fb3ec60,8ccf2697f50245e9b182fb9d085f196e,6c581e1b6f1140f1a516b4267ad905ed
45b0cefc0e3c4b10b441e7204b0fa00d,a9d4cf41d0d04118b29824cd994c710a,1035ffd74ee6409aa34f9e2fe515ca2c,496a7fa5601f4d2f82ea2704e7c1c96d,7335d65dd777433485187f345ff05c3f,75140d772b3e42b98779f74bb9bf4531,158c3d788a2246ca841009eac61689cb,6e87bc4933454bd6bb3355cce71e8122,c4555074dbeb45d899fc59f0137194f9,d5a505fe3c3a4cf38dbf3b6823e7f909,ed28b36a97ec472eb4eaa71ec30dc1ac
001b9e0a069f4d99997864a9b4d54c21,ad626768b96f4593899a6617466d5ff7,0db6542c5a2c4382aea954e8189e1b70,52096473cbdc48d08a98f6e7d4cd75bc,4473ec14ed19439782979cd0f7112c98,9385ede3c22144edbdf01c676d553ad9,fb39d9de39b34483835c0cc0e48d2af6,77bf99479a2d4578af8eef9882e90676,b1642b0674f14ac1a406cfdb44bef96e,67414f01cf87451b98a4b0ca5064c4d6,395c22db326348d591aa1eadc960a91c
7d120d655d3146c2859cbceaa99ccc40,2192a9b28b83477e899428a6d23c3e0d,c931cf107b174ac68efd5b06b50f6425,b2c8a3d6ea7f4338ab2f883cd43e6e22,5df3d4a7246a482d8f06d055be673867,165d4f495fe14745a6130125e5393020,824ed859abef4f01bf68666036fed130,13a37ba94b854faab6bbf22741f8aacd,1049d1e88d314176899ef00be12f6e62,a59017885ea641a59b0bcd4b89982096,32bcc17109504afdba2cb8be0ed47cde
ed140f9599f74ecbb0478fa168d227cf,cc7d64f9b2e04c669dd1fc259a8f929d,60045b3170b7455abaff4b9767309af9,36d3f69585524658ae4761b7c924780e,e9993ad45a9549ab9124fba29f12f122,67d178b8f1794bbc9b226c7906aacb21,834572e442a04f7594289dd90228aa51,fa4bc99f9cac43479cde9d152d80393f,a1f6f6456f45452dbeed62bcc46e2cc3,ab70fd4fbd5a47f2a685310e587e6619,1cbb488410e343c98b3727b15f5cd886
ed916d6bf0584b4f9d6520e149fdbb5a,c4555074dbeb45d899fc59f0137194f9,d5a505fe3c3a4cf38dbf3b6823e7f909,0cc413d3f52c4f94ac49d690a4c79289,ed28b36a97ec472eb4eaa71ec30dc1ac,158c3d788a2246ca841009eac61689cb,75140d772b3e42b98779f74bb9bf4531,411f494dd0c241b4bf5c89bb9f69019a,1035ffd74ee6409aa34f9e2fe515ca2c,496a7fa5601f4d2f82ea2704e7c1c96d,a9d4cf41d0d04118b29824cd994c710a
5c03ef49e55c439abe1bc09cc5fa2493,2977c87360b24866b60d4ea57cec7fc6,48d649080c4641c49118ac97fdfa6b41,d562f1e26c7a4c85b7ab8532401e5797,eaf046dc3db74e1a830e1765479d4bc6,ad19cccbb6874ba0b7931906436a6998,0073c1e071e54069b4786633e678cd75,6ac6b312bba6439b8d169fa0a5f147e4,519a8b6ee8aa4ef2b70a190e516258b6,fe31af8bdb7c4777bd90f84b6bdf06da,7ddc8c06ca39448d812073d60abefa15
3d37812f45754ac8ba8bd0683fb87f91,88a38730b10b4cce867a4500e6284160,33f7facd60b34f569c1dba538362679a,d28dcdb66adc48f196b827406776aebd,c004dae2c35d4cc8bb12749c86f337bf,67930fdb525b4684afd00a0cbebeef61,fb4ca1a32cca47ebb2242887c600783b,867f6e2dd68c43cc843adc243ade5195,edb9a7d4b2c24ba89b392972f90a462c,8cff10547bcd4b6f98f5aeda2816481c,3ce718aa62404794b8877b3c894945e6
00dd09939f9d44de901760c49e0b5094,a13a9a740fe24d8fbc43dccbcc9aa6fd,355f48fac959433bbdafb603f460efb7,483ad021c5b34e81b40f8233e6860397,19277fedaf6340d3b703a90f17bed2d8,9b192b4a770b4639b1a9202c285411ae,52d7d8b1d28e4e86a1e2499682085f4c,9b07de48cd9b4d15bd691f6bbfde2d0c,d4aedd097dc64bc782e996702235da28,b0db50c5598b4f31a11dc75c2e847144,476dfc304ba14ea9ad2b5461bdd19649
4878b8b7acb44524955f91c1dbd11639,615676b020a64fd0bf8ed64fcc79c6c4,bd8d1edfd6c04f84831180e657980156,e7b43fb77ad2422e84575091fe4fa03a,0acad9cf540945428c721710c05b0796,33f8939d09984bd2a82e0884ef035f3c,242d70d9d18245dd9fd059e09a227003,0e74e5cfd73f4583af5ae95eba1a255c,16f8a03513bf4494949341a3904866e0,9b81ed3fa8d7439489fc52dd46beee74,525f99f36a414fd1af5c3209577c8aea
0bcaf16f8da94abc873cf16e3d904a2b,395c22db326348d591aa1eadc960a91c,4473ec14ed19439782979cd0f7112c98,52096473cbdc48d08a98f6e7d4cd75bc,c917db5fe3464803aa84f92c8a75c19b,bce1558d0f224222a1c3d750217a7ed5,03a5c3e214b844eea8c2549f7a58f6bc,ad626768b96f4593899a6617466d5ff7,1f7d3b81956543e68118c3343f6dc379,0db6542c5a2c4382aea954e8189e1b70,0f902533ebff452298d312ba09bb66d0
89dd6a52ebe34d2f83dffec9740acd83,806f482c346c449cab5ab4e8cb68514b,100b0002537e40e7a4d9fcb5f82ddf33,e7d5d4e34d7449888ea47d040ab5e590,b0b4c711968342649155226e37ecc60d,8616205644174cccab53bf321bc5e38f,264209a7e43640c38edd8b4296bcd959,f581c1ab46c14f1693bb0dd1047314cd,f658d66435164d1f880c508165bf7ad6,834572e442a04f7594289dd90228aa51,fa4bc99f9cac43479cde9d152d80393f
908831cb83d443359fc90b2a5ef72450,a1f6f6456f45452dbeed62bcc46e2cc3,08b8ddc46d234318907c0b62545efa4e,ab70fd4fbd5a47f2a685310e587e6619,1cbb488410e343c98b3727b15f5cd886,c0bc2ed435a042cea7b6ffb238b55bda,8cff10547bcd4b6f98f5aeda2816481c,c004dae2c35d4cc8bb12749c86f337bf,3ce718aa62404794b8877b3c894945e6,d28dcdb66adc48f196b827406776aebd,88a38730b10b4cce867a4500e6284160
e0045857cfd64795bea014e575aa15b6,0b741dcbeb564891a80ce18d0144a3e4,c5fe41016fc040869ffc83a01affc571,500270bf0eb44861b275cb7357d8410c,5eb9cce498104e90890e62561d300e91,018e533205f04ef7b3abfa98df061077,f5b9dd1be0b04212ab728e6b029c6de5,2c4082f83b5a4517b1601eee725866d4,f985c88fee1a4d799bf339444e000668,fb13feb0cc1d4bb7b851618fa251e5dc,893046ea616f446a9fce958c9766cfb2
c5e251f7ea2c410891e47b4fdffa44bd,de0ae8ae65314226a8f71153b2c5bfd4,4b762d66cba2402e8d0d6a4450399e26,89bc69f850fd4a06b6bcdb4cec53de8a,697c1cc2f1eb4885aafb19378901c6c5,71c3e53927ae41f3953bf98f5463e00c,3e09196b092d449c95ec9a74859d81e6,e7d5d4e34d7449888ea47d040ab5e590,806f482c346c449cab5ab4e8cb68514b,c8bd9482c2174468930b5ee869b7e57a,383897e56b23423dbec8a61dfa9f789b
7a472479fb2d44149518c47494068441,e0b8227c5a6e447583af27b8e16e5285,25688cd022da42d080ec67693ec76746,2f54c494f2ef45ce95607918fc8cf801,da7e27b1766e4d8ea46c0fed5320e217,16050b1ecb8a4bc58599967f47d852a5,875e48c888b84300bad3363b57821ad6,1878b774e33140b49cc521336eb70eeb,3fb5aba92d7a48929490b144b6e3b385,e8fd1cb14597408891dd692284385c34,a383addd222c495aab1ef354dfa8040f
9566fa2e6c2b404e8a4301424d8e333e,da9dd373193944148bd440d5014b9552,961c5f38ca9b4de88a8f9629c5df27ee,28e3891b0c47438c81373da13e104180,6cf593e7c60c4090bb9aa60c5a336a16,f49a5e3d176a41dcaec3ca6c16fb2aaa,b1063a3ba698493ebabf38471ccb741f,f51eb8efd12f49c1a9e3137970dd4ddf,cb176d279f7c4ce9b0f8ea0ef13f71ca,fa1e68a72abf44849cd9ec5327888853,514a3668dc684f63b7d6817d2f1306b4
b6701fb8fc684c099c6a8c8a00c6257d,b4275445a0654734a0f49074e9c02cd8,8a0d96a0a3774936b7186abf4e70609b,2ad0af9968b443c49e0f082780ed02f6,a6df6bc285f1405f9276176d8ddd2818,796f2c4a8e8f404991bbedcba3b90a35,9c377baf28174f949fa4caa5c386f062,0eb09f752a3b4f6cb883849eeb2cef78,353cc66a166346be9b6d1f3f17024b05,4909862ce4e747389e0411f6b142f560,7c0137938d5a4d51b35713fd16c5cf18
48ee0f4e4aa04ee8b1d3b9b9ce1bb1a1,c872abb4f8784dd49c59eb52dc838415,3f773877af9b490188f2dfec21566b84,94ade94f373d4c468db1e7fe53febd69,01aac40dd4914c33acb394f05a45e6df,a0a34498649e4b3895cf4d3d82615338,9347e57586ba4f0084d099b777217379,7eeb452be46d420e97a3ce57b0b49f81,ab0c8da3b9e74bd29db82eb8d9c34913,5f0b28f932b4492c91ed6e540f7776bd,9719a9c45d664deabe678a39f647125a
fb00f38eb97347ea8806cbb189c41f2b,5dacf6a02e674434bc8014c466b8601d,93ac53b4b1d44c11ba7a3d5195d23cda,ffb83493992e49f69f5c7d6a0da9f058,ad19cccbb6874ba0b7931906436a6998,ae226303a6ec412e9d259af1ae21ed15,eaf046dc3db74e1a830e1765479d4bc6,5d7504e919c04f29843ea03bc6a4021d,c7cb6efd91944b2f8cda4fc888b2a7ba,0073c1e071e54069b4786633e678cd75,519a8b6ee8aa4ef2b70a190e516258b6
8e0ac84867c1483991df4a9989a7d7f6,96b88d47262a4c3f9974e4c2df012c06,c943bb4457fe4116b5d6793048a903bd,66b0aa3d23284fbf9f3897f71a5b45ae,a83ec961846941be88351f9a27b95a01,4cba1145a8244155b8055255dbe7dcad,a4e955cf180843b98ca0c6271a265cd8,2c7464e5fddf47cca4b20168b84c0573,a361f4cf65f34d49aaeed4fe1259c6da,0b36ae97505f48979ab345e8c96185f5,fdb725bdfdfa4d999ed7aec1411df5b6
b739d87f09a94745a8cbfe9e1bc9b5bb,4e9127cb6e074d4ea6ec86bea316515e,94e0921840aa405689a8ee205ddde1b5,6bb796a0361f4949bf9fee8fb646fb8c,b34e10c1cf774f29a1bd3c365711c7b2,9fd696b4294b4b0792f06ba958b01624,c32ef47204274b5c95199d4c27196415,7816ae395fee49c58fff00b39784dddf,475371f56fef495ca7f1a6207dd3296c,90785b7e8d9844d5a8c4ca019de708dd,187a492e2cd04cf7957cb853ddd8f03b
df96c52af8ad4698bd245a617492444b,556b0cf62f26426fb3ac97366071dee6,31c53471c1d24753bbc42cd8b95436b1,fb13feb0cc1d4bb7b851618fa251e5dc,1b1469d98377499fbdb5fe34709da9ca,cfcddff5376443d5b0c607c285b266c5,c96d80e4ce734b14a62879a3a5c6cbcb,5eb9cce498104e90890e62561d300e91,018e533205f04ef7b3abfa98df061077,75193a6c65954cd480c8d2aa742dcb27,992ea4fcead7459890a9fd2f829c7a67
620f0d06a77645a9bd3fa2a702ce8311,fab03518a94c4d3a86e5130f2757051d,d01a67b79e5e44f682950f66fb19e797,a9b0b74d31d04816bba318cffca1c5f5,9fd696b4294b4b0792f06ba958b01624,efefc02efc8b42a389781b22b17e2bf0,3f53002b52634d3084744b833ddaa2d5,70e375c7b6f8487ab57c88dbd8d95934,475371f56fef495ca7f1a6207dd3296c,7816ae395fee49c58fff00b39784dddf,b34e10c1cf774f29a1bd3c365711c7b2
476f60f067e9441aba12c5abb7d3ce7a,5687f98fb85d48499e16db784fb3ec60,95646965bd7e4dad813a312d4a1f66b2,dd1d121a351b4cb290e31b3ce05437b1,8ccf2697f50245e9b182fb9d085f196e,6c581e1b6f1140f1a516b4267ad905ed,f86fbb195996443aac04585927734a77,51f6fdc27aee4f31a7217bc6a54ae455,32b564f3f00c4c7888f60e0c129c624d,7dba07eff9e64b4dad8812c29fef620d,53272e5d17fb43cbb9168d868cb1cf8b
69fa39f52c894a15b3b29567ad41e35b,fb13feb0cc1d4bb7b851618fa251e5dc,1b1469d98377499fbdb5fe34709da9ca,31c53471c1d24753bbc42cd8b95436b1,556b0cf62f26426fb3ac97366071dee6,cfcddff5376443d5b0c607c285b266c5,018e533205f04ef7b3abfa98df061077,4439cc7f44e641918d2a304cc9c4a626,5eb9cce498104e90890e62561d300e91,992ea4fcead7459890a9fd2f829c7a67,75193a6c65954cd480c8d2aa742dcb27
66a3713872ce419badf41c1c3129da77,ab0c8da3b9e74bd29db82eb8d9c34913,9347e57586ba4f0084d099b777217379,7eeb452be46d420e97a3ce57b0b49f81,94ade94f373d4c468db1e7fe53febd69,c872abb4f8784dd49c59eb52dc838415,3f773877af9b490188f2dfec21566b84,a0a34498649e4b3895cf4d3d82615338,01aac40dd4914c33acb394f05a45e6df,5c3e398e1af24a8a8e1a495dec3ce97f,3d5b8613680045b69869f475bac244a3
7d1d88b9a1634586aa323be47d410722,c7858141bb5c488bb255612e4871de5e,64d55dcb3c7449119e74642f176292b8,9a61ac2b5e56428f975a5fde5f5ab07d,5521cfda8bba4b15946327e09e389309,ca7acb9f99ee4e579231200524a68533,9276047f6c2e4820a3786fcb0bcf2249,f98ce828274941e3be51c8467ecae943,b6277349c90540d2acd5cbe337d330c5,ccdc534c69474aa78f79c5933fbfd6f2,1426562e4c8e4c6cb2d4cfafa8a6496f
b8a30a520bed491bb3147208519ae8f6,4234d7c91f814372a8da8633f9ed7ba7,ada9e89560ca4022b90625ce1239a5b5,46c988eefbac489a80cbe8975086e6c3,6885d693a70242cbb179772b680a0039,3e09196b092d449c95ec9a74859d81e6,71c3e53927ae41f3953bf98f5463e00c,697c1cc2f1eb4885aafb19378901c6c5,af1baa6fc4264009a1401c5f5a7db2bf,ed97d100eb29408da1785f0958c4360f,02adf925e49745fc8e8427b71ae6a615
f863e3ff648b40a9a93703fdd05f1a12,3f53002b52634d3084744b833ddaa2d5,efefc02efc8b42a389781b22b17e2bf0,70e375c7b6f8487ab57c88dbd8d95934,d01a67b79e5e44f682950f66fb19e797,fab03518a94c4d3a86e5130f2757051d,a9b0b74d31d04816bba318cffca1c5f5,16c96c8da0ea4e8e84cd8c1cd98898f2,135ed5e19d8642f1abbc1da832f930d8,d5959c842705431f9d2c631348fd6f0c,cd976cb253c34b29ac8c78bfe134102a
776100bf31f14b55a13c918b391407e6,0a41603e707f40eca4c97f63b590cf44,410cb579e31547bdacb2609857252196,c70e8e7af9364de6b64710b019766580,c5d554ab7949496e9c436ba01849c1b7,ace091a307a64233aed147610fbb7f43,87b7acd9363443dd982ff436ef911ac1,98ee0e0fe5b64960bedca79bfa3feeaa,e47d1cd5cf8c4c4795488c6dc415940e,f9f4c5056d834e049b3cebbc8f9686ff,1a8890ed47724179b60b4e01d724e9ad
849d281dc9aa4143a6d33f7153ada812,7dd00ab2aba942c0b100cf4f81f32408,0a41603e707f40eca4c97f63b590cf44,e47d1cd5cf8c4c4795488c6dc415940e,410cb579e31547bdacb2609857252196,888a0f4d19ae43c280df3f34ffae91ff,32b6040583834a2a85098dc0182820ba,c5d554ab7949496e9c436ba01849c1b7,830fb85ba18b4fb3a74d09884ba6b0b5,ace091a307a64233aed147610fbb7f43,87b7acd9363443dd982ff436ef911ac1
4b4c7196cb834f84bc5eef0e5a05dbbc,44cdc5d829ad4d9c963cb3dfd6d462e9,7f08ad01b7704bba935ca5ed65e13dbe,f024852dda3a448297ae6f8d17f010ae,c5ead71e129b466185355c2a9778ca1c,e3505af9b4cd432e82e19b1720d1337e,9bb391cc299f46dda9707c10594c7aa9,c841c802c04d41d49b16d775806adb29,932f170e51c740a5a5d37bc9c255ba9c,89dfb17d7aeb4b549835a75fa7ad0747,b772c296c8d442e1bb364bd0b979ba2c
59af1fc20f7647ad98eee4319ae04751,f9424cc6abb64aca910cd8476b13fc2f,7d0864f1756c471791cd0323556745fa,52d8b34b4a1547888a7e215a55c1ee8b,c07ef72e8c774c048578d639cd1d8890,1fc1cd8c86ae4d5783594c0bb5cb5088,c32ef47204274b5c95199d4c27196415,9b81ed3fa8d7439489fc52dd46beee74,525f99f36a414fd1af5c3209577c8aea,16f8a03513bf4494949341a3904866e0,6981c91c7a874901957de1abfd270ef4
41a228efcd27438584b746515520bf9f,99ca18be71514f2f8c8f61cefb31acd2,0a07e9dbb2544f50a35f97d55835e1b0,d28dcdb66adc48f196b827406776aebd,c004dae2c35d4cc8bb12749c86f337bf,ed89cddf50744c2ba2b44eedb4e5a0d6,88a38730b10b4cce867a4500e6284160,ea2d8549270b4fea924db157e9b365e4,61e63ea5622b49168a66267abbd94511,08b8ddc46d234318907c0b62545efa4e,ab70fd4fbd5a47f2a685310e587e6619
f4f91d202dfe4b5f91ee0a5f926381dd,a678110966a6439388a2af4b1a05a0a3,952f4c3c091e4e08bbc484b1de88a8a6,2a2db86f50ed41219d4cf843470383d4,867f6e2dd68c43cc843adc243ade5195,edb9a7d4b2c24ba89b392972f90a462c,0020d9ccf91f4944afe069070529bd34,dceea955fdad4d9c9b816acecf3485e5,2bfa3c99576d40f3867bd2e1888a46ca,80f9db08a53442278c028fbf345f7381,17ca816c167043729a93e019ef54d0e0
c091a9ae9838436f9607d46e0c5d6749,c6973c93517b4e75b251c50319dcf284,0319a833ee26436a8ab428497abaac60,3734e83cf4124413aec2f9a7000e321e,ce21f3627bf34462a9734cc8ddd64935,7aa2d198b2734ec4b756cf80e6826bfa,948e670a173e4428ac2abf92ebed643f,56dfc41ba1204b8480deac5d9963b578,dfefb591df2b48b98813a73f4f6ed738,eeaaa5ac03324f7d833862f90da0b908,db0befeb3dcc42b7b1d5088c060a3118
09f6e043bdad41de8b79a4208571409a,64f7aee2fc3e49f5a1259847e2379a36,ca092d1c53684cf496addaff9d781e07,6cf593e7c60c4090bb9aa60c5a336a16,961c5f38ca9b4de88a8f9629c5df27ee,28e3891b0c47438c81373da13e104180,1a0365d2cebf435b89f0da47e1a249fb,b1063a3ba698493ebabf38471ccb741f,da9dd373193944148bd440d5014b9552,f49a5e3d176a41dcaec3ca6c16fb2aaa,f51eb8efd12f49c1a9e3137970dd4ddf
85a89d63081346c9a838dda6b3c98cfd,d5110abe882f4001a5c092f614b19e33,61056aba884a4530b074d39d46b46dec,4d9dcea3259a4f98ba0da1bc52f74764,8b0009c7eb7948ad998123f158eadbc8,7ffcddcbad37459889c6c9065dbb6a10,f5f6e240d61447bb90db587a4a285641,f241413df3704619b73d41b93bff90b2,0b22223d81bc4914985802e7467200fd,fa22fd2fdcca4febbf829641153647ea,84f1c71c0d0941d381ca8b8a9993a0e5
210551ab3d604fd6a1c0f9cf2aaf49df,5186173b48364d628c2cd650e2b34ea8,14da114b3a0a499bb2ece0ac010ec73e,23971ab5fb574c0e965659448c74c5dc,99ca18be71514f2f8c8f61cefb31acd2,fb4ca1a32cca47ebb2242887c600783b,9584d695a2274aeb9d179f44e06f6481,33f7facd60b34f569c1dba538362679a,da91a375efe54c30a00cb0dbe477b4c8,80f9db08a53442278c028fbf345f7381,67930fdb525b4684afd00a0cbebeef61
bd4fb09df0b74560a1ed8ca5b1890b35,f4d283460bd8449f857c0a87fef6387a,1f7d3b81956543e68118c3343f6dc379,1af57096f7b74b0fa473c8a99c8c70b7,329bd3416a0a457785f4e1306d6928df,1646cd52269445a3a571684611ab6475,40291d6ac23545e1b1e9eeaa81e78540,2fd88ce571b141d3bd17d81011227266,3e41542a4f3f4929b89d39e7551a37c5,f9ead7da5c44400183662d8283928c7c,0f902533ebff452298d312ba09bb66d0
f4b92c65377746aebc3e39a9d22ff9c8,23d871d6e63f48bc995893a9be40360b,d5c26b56f95447fcad9edfcbe24096ab,31d46b6ef6fd4860acc5026f7d11903a,90fced07ed524bc9ab6a8ef8b38371d4,75800c15a29a4964a7ec2cbce20135eb,978a94e0e210473184bfeeedb8cd5ceb,c49df913cb1c4b24b6a7c3d90ebfd915,bdef5e989b8d4b868ce06b51ce8ac81b,f0172286a95f4254b3e45aceacfa9340,75436fed238e4a06aa6d74732132bf8b
c132480a2dab4f28a93d1f49c0c61435,3010b10322014c1ba826b2197cc316a1,d2d65fea13ac4472a15421fd83ef9c96,f1b508d0e6744af0b996ec9f2c93ec86,473a187ff44443f8a3492c3f36601959,065b1e1ae9894aa98df9ec0f2803621a,ea172bf600d8492bbac629bf51b87d61,834572e442a04f7594289dd90228aa51,311a5ade6ec44b019710c6032ca7fe5d,e53edc4447474d9f9f2a6d6fa009088d,e7d5d4e34d7449888ea47d040ab5e590
a45d13d980c342a8b5207bd39908f11d,25d77b9ca16c4a238667fb20b92ab427,5fa6e283d639453aac3c100725918b76,3d5b8613680045b69869f475bac244a3,5c3e398e1af24a8a8e1a495dec3ce97f,51a1dd02453a41b2b71e1be57628b913,2977c87360b24866b60d4ea57cec7fc6,74e5f3c1d74149bfb9c59b58092ee223,595c70af27fc432ba1fdedb81adc5c3a,fe31af8bdb7c4777bd90f84b6bdf06da,ca6374c8598046dbb2b50a08b573f76a
2e2b73cd5755446e8a8b4680f45c7f0b,a9b0b74d31d04816bba318cffca1c5f5,fab03518a94c4d3a86e5130f2757051d,d01a67b79e5e44f682950f66fb19e797,e4d39a4e46ef4882bebd42e02c56681a,392c0474fd5d42e8b84f810f35ad6d57,11a1b53f158f4a4895eaba0e85080a44,9fd696b4294b4b0792f06ba958b01624,6bb796a0361f4949bf9fee8fb646fb8c,90785b7e8d9844d5a8c4ca019de708dd,475371f56fef495ca7f1a6207dd3296c
95ed22127a2b4bcdbf9f449c2d50dc5e,91be73936cda428bb42423f4860d42cb,c887b03237dd4ca888831b90b8a42139,9802eea141f344928c3b557037d77db6,a66be38173e246be9a34aba8b975ecec,833fd05701f74898afef1c31c2bae668,1c947fa04b1440fa91ab5c5a408e54d4,f981883fbcce46d2b441ec2890599eee,0294485c05b2461ca7bd2d59ca32f912,88ea3acc2ee440e1ae64d1e887bc3040,b3e59e519de24e47be890e779618c256
50ed8acf5d2149d082f5a4106f4edb69,e7b43fb77ad2422e84575091fe4fa03a,0acad9cf540945428c721710c05b0796,615676b020a64fd0bf8ed64fcc79c6c4,bd8d1edfd6c04f84831180e657980156,16f8a03513bf4494949341a3904866e0,9b81ed3fa8d7439489fc52dd46beee74,525f99f36a414fd1af5c3209577c8aea,242d70d9d18245dd9fd059e09a227003,33f8939d09984bd2a82e0884ef035f3c,0e74e5cfd73f4583af5ae95eba1a255c
f618b6cd963849fda05d1d493e61a734,74054301dc504723ae9bdc68a83793de,6cfeffba5a3e482da716d4ecba1f5c56,930bec3be80d4f078114241d164b49a5,1a8890ed47724179b60b4e01d724e9ad,f9f4c5056d834e049b3cebbc8f9686ff,4494dd8a18c94b48887c57a3639ffbba,98ee0e0fe5b64960bedca79bfa3feeaa,e47d1cd5cf8c4c4795488c6dc415940e,c70e8e7af9364de6b64710b019766580,87b7acd9363443dd982ff436ef911ac1
e8681757c72f45db8518bd5bea53453b,50a9e3ea1cdf440297563ae695074b89,8960ba6c29ff477399528254db6bf1f2,83d3f9cadbb1452b830392436bb8c898,0b22223d81bc4914985802e7467200fd,fa22fd2fdcca4febbf829641153647ea,84f1c71c0d0941d381ca8b8a9993a0e5,8b0009c7eb7948ad998123f158eadbc8,4d9dcea3259a4f98ba0da1bc52f74764,f241413df3704619b73d41b93bff90b2,f5f6e240d61447bb90db587a4a285641
bcbb90ab1c6c4a23966d94c6818bb744,03117b0fe6814821b2ada2cf8dcf3751,dc841e175ba4409cb997f00c9c6a428d,c75feb1093c449e491b450ad732fadc7,fcacc1fc12044a8990d8b4c00f370d90,84e0c48be5574d758200eec39036b6a4,91ff4e3429a64a3da98428e018e3ac9a,689118cbdbd346f5b548c584675b40d0,2dde57f6aa754d5c9e494a69ef4c0c77,e8ebcef8c96441cb806edf714f270219,738291ad52a14ac8a9818433f4132057
99c027f683da4975a1e09e4cdc93b5ff,7efdf9796395421299f1797215bc71af,6b9b6ca6105342699ef0c88d3817bb99,dbdb963a5ce64412bee3c14cf96d1325,6dbd44fffa0c406ab4bf27126f457516,1be3fb6c7e7c48a8a30920028c9276cd,278125d70f574dfa8ee2bc8ff92a716e,36e5e9de99f64ee6b295d0970cc701ed,86b2edf9aa664c84a8b466fbbf3c2fbc,89dacd2cb0be4b2fb92816093d1f03f2,be639f64ae5140abbb2eff44be6b6651
80933352e3464347bd52add8dffa1334,e9d64e9e9b19498c93aaf7ca5146eeb8,2d6f0957136948f2be711e399cba9c37,10af960714cf40a08bd1727807d15ffe,d9a5e7d9a63f41dfb2a1471e0410d729,e5b042998c374a479da63d501c8be25f,4a74622af3df447c8c660567ac3a3350,47a0a9eec4864387a8ccdfbf5616f1f4,2a49b89dfde442f5a932c5480fdaa6e2,c83f40a288eb4387af5f4e3ac35af10d,cf665e73c33c4f0b8bec3e1ade2871ce
79c228888f1f49c5b2b39fc9a9ba9d98,6856092d227941509e7d83fc3b17b2db,f5720961b33a4dfd87f4700c6737e345,a0fb456e339b44c7b6a5fea65a7ef66b,8d231b35103b417db35186e983300422,a2f9cdee3f7640f29cef4defc6814dfb,ba328a988df1403794cb7e8063233a08,9802eea141f344928c3b557037d77db6,453b094831ab4f47b24fa1a248376527,dfea17cc85ce454bb44859ea0c8f8e49,0ac6ed881ff7408ea27f789032273c16
721ec3c795ed4a01b153789021cc2e0d,a7f6fba4e34942969085f4662c5e2ef0,34ce7989a4c440a882c40fa7891ce9d4,52a9f3a17dca4d5a897410224c777892,fa85750c2b0c43e895659ff48f18efb0,e4a634e82f244f56bf097cba57e58fd3,a21d52f0fdbe48e282529003988c4358,f94b488901a3453c9c04a232eab32ba8,5b3fe963c17b417ca472c1e13cfc3d34,b0f824b088954b1db7ee47af12fdf054,08aebb98964a453293af497e8f77e898
b2b5fc12ec564c5eab1392405f55144f,2192a9b28b83477e899428a6d23c3e0d,824ed859abef4f01bf68666036fed130,c931cf107b174ac68efd5b06b50f6425,165d4f495fe14745a6130125e5393020,5df3d4a7246a482d8f06d055be673867,1426e1680a8f42fb8534d562aa1b5a46,b2c8a3d6ea7f4338ab2f883cd43e6e22,a59017885ea641a59b0bcd4b89982096,13a37ba94b854faab6bbf22741f8aacd,1049d1e88d314176899ef00be12f6e62
175cc41b4a1c406fa02e345f8d4e0b9d,ebcd53d3c608468c959e96c1f00bf697,3e121418877549259d7f9d59ad4cb292,0bf91dc1a7cd4cd88488209466b6b915,435c5449832b42d48be9212dc5d42b61,3d864e75578f43d998c267481df8d540,a85950d139c649afb2dd3d63d663d03a,36b67422580648f79aedab84459318ad,802da89e7dbe46b5a1901f413c933298,2603da7d54c5494782a0daee37d84748,6ae675e25e06437092a316d78eb12f63
617d468e9b854d6085ca6c2e3522c2f3,6dbd44fffa0c406ab4bf27126f457516,7efdf9796395421299f1797215bc71af,dbdb963a5ce64412bee3c14cf96d1325,6b9b6ca6105342699ef0c88d3817bb99,86b2edf9aa664c84a8b466fbbf3c2fbc,be639f64ae5140abbb2eff44be6b6651,89dacd2cb0be4b2fb92816093d1f03f2,278125d70f574dfa8ee2bc8ff92a716e,1be3fb6c7e7c48a8a30920028c9276cd,36e5e9de99f64ee6b295d0970cc701ed
fe61b108b5d64fccb5905c0f48387975,52096473cbdc48d08a98f6e7d4cd75bc,4473ec14ed19439782979cd0f7112c98,c917db5fe3464803aa84f92c8a75c19b,bce1558d0f224222a1c3d750217a7ed5,03a5c3e214b844eea8c2549f7a58f6bc,395c22db326348d591aa1eadc960a91c,2fd88ce571b141d3bd17d81011227266,3e41542a4f3f4929b89d39e7551a37c5,0f902533ebff452298d312ba09bb66d0,40291d6ac23545e1b1e9eeaa81e78540
e4166069ddc74d09b790d5dce3122a0c,48d649080c4641c49118ac97fdfa6b41,d562f1e26c7a4c85b7ab8532401e5797,ad19cccbb6874ba0b7931906436a6998,eaf046dc3db74e1a830e1765479d4bc6,0073c1e071e54069b4786633e678cd75,4234d7c91f814372a8da8633f9ed7ba7,ada9e89560ca4022b90625ce1239a5b5,02adf925e49745fc8e8427b71ae6a615,e6a973b94f8a4840b997f486fb26c65b,af1baa6fc4264009a1401c5f5a7db2bf
4614780623b14dc5ae947b2c225d8219,6245132e13a34a1791c3815b7776e0cf,eb6f580056444dec843978c5bdd3ab7c,065b1e1ae9894aa98df9ec0f2803621a,ea172bf600d8492bbac629bf51b87d61,0ee6d6922aa64ed882742ed09c385fed,473a187ff44443f8a3492c3f36601959,3a1a33dca623475c8e018d2e00c52104,d881a4cbe7a04cfd9ab0b8c027f63a52,735ba650c327433aa768a39c8fca43b4,0fcd7e7b478e44dab7d9cdd84075a610
c7a91c77607c499d8870f6fd569dbd82,482f0965b7b64cbd930bb9cc1f1401b8,1f5d5e3453314ffa88e462a485281163,71f230477cdf407999e0ef550b3a136f,453b094831ab4f47b24fa1a248376527,dfea17cc85ce454bb44859ea0c8f8e49,41c45de422674e77b24675b344d5c5aa,ad1042adffe94664bb7cd990f23aa09b,0ac6ed881ff7408ea27f789032273c16,58a8bdeb687a470fb02413e864c83de4,412b7215e4884719b2331cdff153157e
4bc627a9f7f04cfb8d0f0617bf0f7c75,e9993ad45a9549ab9124fba29f12f122,36d3f69585524658ae4761b7c924780e,60045b3170b7455abaff4b9767309af9,67d178b8f1794bbc9b226c7906aacb21,cc7d64f9b2e04c669dd1fc259a8f929d,264209a7e43640c38edd8b4296bcd959,fa4bc99f9cac43479cde9d152d80393f,834572e442a04f7594289dd90228aa51,b0b4c711968342649155226e37ecc60d,8616205644174cccab53bf321bc5e38f
82f94048bfb24012a16d1d88c1de755f,59ee5e451406490ab0f1c63d44ae6c0c,ffd40bf1380a40f7a8f971355e9966ab,ff3ff5c253744570a8708608f01d1c46,8ca26181219a4ac48f9ffc92c1a9745b,d113cb5cf2e244aaba540684639b6ffd,cd34175243834104bde29e20f6b24a0b,805542c67d7f46fcacec555905d409a0,86f18847a55549bc9cdc60eccf251e6a,39b372fd9a60400db2db3eeaf7bf0d8b,8a3c2c8dfd98427fa0f8435bbd39daec
cbc764fbb520426c9088b500289063b3,6ae675e25e06437092a316d78eb12f63,2603da7d54c5494782a0daee37d84748,802da89e7dbe46b5a1901f413c933298,78685a7e9f6f4751afea18bf65812d2c,27e06d7eab874314b4c55e22418e7ac1,635dce00edd942ecb5c18d0c0080c4c6,bc378f7f2c514e298253c2cb004c2c60,7cc436b52a454cca8ac75241316d845e,f94b488901a3453c9c04a232eab32ba8,6d3d0fc9cb254b5da58855b56f9399c4
1647268ac21b4639aac45c419acb7591,0b36ae97505f48979ab345e8c96185f5,2c055a7feb314e8797b0141387b354c1,1f912a11eace4623afdb68a608295b35,9aa701cd090348729d1f25e057e24e60,debbb8329fea47fc838c9858a3ab1b7a,a4e955cf180843b98ca0c6271a265cd8,a361f4cf65f34d49aaeed4fe1259c6da,2c7464e5fddf47cca4b20168b84c0573,fdb725bdfdfa4d999ed7aec1411df5b6,e917d552a88b411787c33d3c7f2300ff
475da5fddf774e69883e872eaf674f32,41b1122ac725411f94ec7b150bd59f1b,acbc18f331bf40649d34d9cd28b098c1,d48c3e5a9fa84229ae50ac91920596b9,598f359622514e5f8b69f29a05d36737,dc0670e8a5414e07b79b82b0e0770095,635dce00edd942ecb5c18d0c0080c4c6,27e06d7eab874314b4c55e22418e7ac1,7cc436b52a454cca8ac75241316d845e,802da89e7dbe46b5a1901f413c933298,2603da7d54c5494782a0daee37d84748
61a0747aab2c48efbda90478357edde7,be639f64ae5140abbb2eff44be6b6651,89dacd2cb0be4b2fb92816093d1f03f2,86b2edf9aa664c84a8b466fbbf3c2fbc,6dbd44fffa0c406ab4bf27126f457516,dbdb963a5ce64412bee3c14cf96d1325,7efdf9796395421299f1797215bc71af,6b9b6ca6105342699ef0c88d3817bb99,2603da7d54c5494782a0daee37d84748,6ae675e25e06437092a316d78eb12f63,802da89e7dbe46b5a1901f413c933298
0eb755d8c3f249c79ef2f865b7ee8d62,9c30b4787cdb4f448937e694efecb2e6,543b2d868f0b4d0ebf8f74eea362983f,95646965bd7e4dad813a312d4a1f66b2,9cb5b672f4b549c3825be1a865bdceb0,5687f98fb85d48499e16db784fb3ec60,53272e5d17fb43cbb9168d868cb1cf8b,b6277349c90540d2acd5cbe337d330c5,7006411be2444d4ba109a39cf4e72bca,ccdc534c69474aa78f79c5933fbfd6f2,dd1d121a351b4cb290e31b3ce05437b1
e9ef6ad169cd4cda9163bce72cfcba50,d444c62a8cb947809882954cb5088e25,2aa245f189d845d4b7b312e0997e697e,07286f8cf4544940ac304dac49a336a6,b0f824b088954b1db7ee47af12fdf054,08aebb98964a453293af497e8f77e898,06f871bdfcde4da8854825aea2fa6f2b,6c581e1b6f1140f1a516b4267ad905ed,8ccf2697f50245e9b182fb9d085f196e,51f6fdc27aee4f31a7217bc6a54ae455,5687f98fb85d48499e16db784fb3ec60
2a9e00c44e3d463991cde177ffd083a5,56dfc41ba1204b8480deac5d9963b578,eeaaa5ac03324f7d833862f90da0b908,dfefb591df2b48b98813a73f4f6ed738,948e670a173e4428ac2abf92ebed643f,7aa2d198b2734ec4b756cf80e6826bfa,3734e83cf4124413aec2f9a7000e321e,c6973c93517b4e75b251c50319dcf284,0319a833ee26436a8ab428497abaac60,ce21f3627bf34462a9734cc8ddd64935,6c3241a9206b4bbeac3f7a5341575f03
7f3f20d43b2e436f91465650f6466a7d,5c3e398e1af24a8a8e1a495dec3ce97f,51a1dd02453a41b2b71e1be57628b913,3d5b8613680045b69869f475bac244a3,9347e57586ba4f0084d099b777217379,ab0c8da3b9e74bd29db82eb8d9c34913,7eeb452be46d420e97a3ce57b0b49f81,681cb37301da4297a09a96b466a33430,e0d6f9d848a54298845a9e3edd9527cb,544b3f3385d54b519dbb21d3eed83bd7,c872abb4f8784dd49c59eb52dc838415
4c08377d8c98426791c7b3bbebe7b3ad,8cff10547bcd4b6f98f5aeda2816481c,3ce718aa62404794b8877b3c894945e6,c004dae2c35d4cc8bb12749c86f337bf,88a38730b10b4cce867a4500e6284160,d28dcdb66adc48f196b827406776aebd,1cbb488410e343c98b3727b15f5cd886,ab70fd4fbd5a47f2a685310e587e6619,08b8ddc46d234318907c0b62545efa4e,a1f6f6456f45452dbeed62bcc46e2cc3,c0bc2ed435a042cea7b6ffb238b55bda
f7e1008b1d2a4802ae0170ab262b8c78,158c3d788a2246ca841009eac61689cb,75140d772b3e42b98779f74bb9bf4531,c4555074dbeb45d899fc59f0137194f9,d5a505fe3c3a4cf38dbf3b6823e7f909,0cc413d3f52c4f94ac49d690a4c79289,ed28b36a97ec472eb4eaa71ec30dc1ac,411f494dd0c241b4bf5c89bb9f69019a,a9d4cf41d0d04118b29824cd994c710a,1035ffd74ee6409aa34f9e2fe515ca2c,a59017885ea641a59b0bcd4b89982096
30573eedee014057b7fc486d638fe0ed,836385fee78d40faba293ff1b1b6481a,76889c750d4b403296019574160db297,9a0c6386081842e4959025ce7c45016c,84834495d7474dd69e588c43bd7c2045,75c4642452e64913bf94747b94f27452,7c9bd8dbe7244d559fea35071cc4013b,c62011c694af4d06851a74e4210ecf52,ac61e9f71f1545d4bdf646de697d4359,7c2a00f1bfa7496380c75b6bdac5770c,1b52fd238c4242f0a6be568c2246582e
ee49b098485744f8a7000e0d7552b270,33f8939d09984bd2a82e0884ef035f3c,0e74e5cfd73f4583af5ae95eba1a255c,242d70d9d18245dd9fd059e09a227003,da91a375efe54c30a00cb0dbe477b4c8,9584d695a2274aeb9d179f44e06f6481,525f99f36a414fd1af5c3209577c8aea,9b81ed3fa8d7439489fc52dd46beee74,16f8a03513bf4494949341a3904866e0,615676b020a64fd0bf8ed64fcc79c6c4,bd8d1edfd6c04f84831180e657980156
4ae4b55d2e244458838c2a94240d9694,0589866cfed34253bf96304c28faa0cf,a09e1a67b6164f0f91a1603b04f0e68f,7ae31914143641bd93c8bd31336e26c7,30b1987a8a284f72874cec009a742f83,147432c2c2e94f73bb79e3403fd957bf,dec1341e36cd4f8ab32b48ffa77e7c97,d2acba7bb8934d66ad240975e64b9356,9b87f7a0af4f4214886241416e87ea05,5d8ea0b6761a4da38b012390c3ccc7d6,e514d8e936e9408baeccad4ab3b391e8
35e563b5f4bf45a4884c8ab25e986c17,72f6b6a60ecb4455bb2a1e6d1afb33c3,8d4c9990d28341d580221d2e8524fa91,476a5c65076144b98a20f0b0753bb04d,e26dc343130e4e7a8b87a3aee549e0d7,00dc933848c24d9f83daf1659bd42ede,c0594a25370747b4b26357854ae1baa2,fc70f2fbfadc4062b97d7d07e30cb0b0,db2940d153664264b342b6427b8a80fd,b01ef3464b514e85ab58769ee79164ac,40484c7c6afa4e05a946533abd26aa67
385140e7679d427293393f7639a01826,1aaa9ef342274bb7aaf54dcf652dae0c,80d81f8c1b2149809251e3995b51d8bb,e3c2661bdb9d4aa287a09c858eec4679,b7948a4641354a45980df8dd20f3c837,633dc85a59ac4797bdc41b35c3835a51,a3d6b81447a145d09118ef36ac5dfc33,6bfb7e76101949b5aec0357d4d915589,f54f200c1998432ab342ee98cd7f4cfb,75ae30bbc85e4503a1a7e93ab1519182,ebd7c0f75263448d851d1c24c90359ac
59a81948fba94544a26d2ca5a0867c3e,36b67422580648f79aedab84459318ad,64f7531e9de2462ca3e1e599d04d59cf,3d864e75578f43d998c267481df8d540,476dfc304ba14ea9ad2b5461bdd19649,16845fe660f44e8aaaeb293305a88a82,ebcd53d3c608468c959e96c1f00bf697,d4aedd097dc64bc782e996702235da28,3e121418877549259d7f9d59ad4cb292,409cdbf229b3498b8476c0656e097940,ffcd9f5c46e74b4192c5797ecfa629c8
1d83e65f848149ffbf2596536bd041dd,9b81ed3fa8d7439489fc52dd46beee74,525f99f36a414fd1af5c3209577c8aea,16f8a03513bf4494949341a3904866e0,33f8939d09984bd2a82e0884ef035f3c,0e74e5cfd73f4583af5ae95eba1a255c,242d70d9d18245dd9fd059e09a227003,0acad9cf540945428c721710c05b0796,e7b43fb77ad2422e84575091fe4fa03a,9584d695a2274aeb9d179f44e06f6481,da91a375efe54c30a00cb0dbe477b4c8
a5835da84637463d9ec66b3d97bb8f2b,798395e7db2d4eecaef4610acf8c3a62,353cc66a166346be9b6d1f3f17024b05,4909862ce4e747389e0411f6b142f560,7c0137938d5a4d51b35713fd16c5cf18,cb176d279f7c4ce9b0f8ea0ef13f71ca,3ddf286cacab4c3b9424bf865e90051d,87352d5a19bb49ec9511ab0340bdb84e,8f9c1e9624924392ad8e0e2f1fa0b467,1f5cdb2b74b041dcb81fb1922aa986b3,46cd88cb440346c6997e7f242887f6f8
5ae3cfd286554ccd8e6a132dc7f6fb2c,6ba2d42243034469a9e4d703130dd861,f64d5d70431a4a8fa0693e6afb9b17e7,2ed6d9d600634482907c40f5e653545f,d304eeb9dc094af69c53394352649964,38b0287944904e45a63515cc21562997,d8cb88aa52314ed2ab206e8e50b8a9e1,c99e98d5cf884990bcd5e997cbd8f161,1194e05ccd15414bae793d4e88bc95bd,6fa230afd3544c2da2dd33799489cc48,69e9a17b494b48aa85ed4b9aac347e7c
c7a550eca4494c4593a590aee2c365ed,75436fed238e4a06aa6d74732132bf8b,7d7af187b87243c0b7ee0f5f9e6ef833,c6ebb6f99d454ae793fdaadb5b2f776b,c49df913cb1c4b24b6a7c3d90ebfd915,379936672c0d4a0393be6bf0cebbfae6,dc9dda3b6c41409eab99f3e41dd8cde8,978a94e0e210473184bfeeedb8cd5ceb,f0172286a95f4254b3e45aceacfa9340,6a35037133914287968b107fca93a80b,17ca816c167043729a93e019ef54d0e0
665d6ff8183c406d850d690dbcdbac20,667d2ed2c26c47efab4a627de90969d5,35180a4e2d8f4e38b4da76e4f3bdfd3f,ca6374c8598046dbb2b50a08b573f76a,e4d5292f66414aba8544a8e6dc076404,a50e825871ac4c7f9114b48c83ab4633,74e5f3c1d74149bfb9c59b58092ee223,04dae0c980514eb495477c32da9af84e,97c466992a9b49d6be6e341b045ffa8d,e2ea631f345e4c21928da5569db690ad,366fb77451fd4304bc110fb19018e7d8
9a24fd234a1e426a8279e46af9b3a099,e2f2d3d0380741bba24bc1d4c69a9f3c,ffa4b07ecb444d6c84de24e73b6be211,0ac6ed881ff7408ea27f789032273c16,1f5d5e3453314ffa88e462a485281163,482f0965b7b64cbd930bb9cc1f1401b8,71f230477cdf407999e0ef550b3a136f,453b094831ab4f47b24fa1a248376527,dfea17cc85ce454bb44859ea0c8f8e49,0a1fbbbea2864a36a06862f526a7b996,ad1042adffe94664bb7cd990f23aa09b
1625537d0f724d098a454a582cf49a7d,f7fcdc06cbe24d47bb50bff48c9f9c82,804db47b5e7f42669ad2710142a8e234,c699e17aae0a485aae0fb50c9f1c875c,efa7fd05ae0f44c9aca2ecc5f86cbdfa,c61e1e592570487088074cef60fbc753,2660cbd6eb564d0bbc806032f70df5d5,21b0c81a7beb48d8b0c22f3f01aa67a8,473212fb140a4e38ae84255e4b18746a,6278a2eb71e14643a0c9a6feab15ac17,7133a5b4620347689012d43c9c56eb42
e0fc0cd40cfa4b4496eb8ec24f275019,82dc961a122a4dc5a97ac32021157b71,6278a2eb71e14643a0c9a6feab15ac17,86e4b3d3d5944b169c6a04313f11a6f7,e275eb0932874740bc8cc428a49c71d0,4e044fbe8bda4746b6e6d99a90f72a16,7133a5b4620347689012d43c9c56eb42,c699e17aae0a485aae0fb50c9f1c875c,efa7fd05ae0f44c9aca2ecc5f86cbdfa,2660cbd6eb564d0bbc806032f70df5d5,21b0c81a7beb48d8b0c22f3f01aa67a8
684ac61449314f84b3e9ccf147f6b1bc,57234dbd0e5d42c7a18fc68e851e18dc,1b7fc4c4c6654f179b619a27ce093f67,6efdf99da86246e6bf15e63b8c8ccf0a,b549c71b5f7641f68e2c79332fe17834,e5297c440d0b467191f76eb496af0def,f069642026204b229a15709e45cbd4f5,7155ce36a1c24769be69f858c0a8dfed,d443cddd45da4879b2fcca918d3b38a5,48dbb5a7d0a14551a1d053aec5b2a3e4,a3d6b81447a145d09118ef36ac5dfc33
605118d5e3784b8c965abd8060a2c191,b00b56487e734826a7952e13816dfa68,0e9040442e57464e840fdf9ba1a2b7be,1426562e4c8e4c6cb2d4cfafa8a6496f,f94b488901a3453c9c04a232eab32ba8,5b3fe963c17b417ca472c1e13cfc3d34,7006411be2444d4ba109a39cf4e72bca,b6875a81ea6d44208e20ac18a59a583d,6d3d0fc9cb254b5da58855b56f9399c4,a40ff6cf43b8401a8b2db73679d625e4,db642c4a19274ae9ad941d7e1e7e14e8
163b2f69d37245eab032365a1594f2e8,e8fd1cb14597408891dd692284385c34,3fb5aba92d7a48929490b144b6e3b385,a383addd222c495aab1ef354dfa8040f,da7e27b1766e4d8ea46c0fed5320e217,875e48c888b84300bad3363b57821ad6,1878b774e33140b49cc521336eb70eeb,16050b1ecb8a4bc58599967f47d852a5,b9a878d27cc24f26b946908878c57a24,bdb2c91add594cfe9ba838254d7bd418,e7b5a88fa3104ae2af731e24812f1567
646d6fa87b7b4069b4407fbbd322301e,124938b60cdf4f61aca1e369d1ff0737,b302d6b3505e4297b6964e269c5b2fa2,5922315407044b37a3351c2d160d664f,f0b2a5767a524705abff9b5a6196a694,f215abb07dd44fe4a9b7a735384cc92e,99be3522f5274a128a1a0363271a3299,ab4eaa532c734e92bfad68e39c28496c,4121dc3398f248648c8258fb4fb5be71,91142beac2ce403b851266102ae538e3,3d864e75578f43d998c267481df8d540
f368431f36ab443ebe920d0059219abb,f1374db1a28549b7acf80b3c567c0113,c7b9ce9cf0604943b6f8cfe134f6c83d,b3b7bfdb4aef48f08ed1f20b9daf2de3,2105309fc08248209b6ae16da7c5d68b,1ec7d41333b74047a44662380268a0b7,1be3fb6c7e7c48a8a30920028c9276cd,278125d70f574dfa8ee2bc8ff92a716e,36e5e9de99f64ee6b295d0970cc701ed,4018563cc4ae4a9b9403292c6e4a4237,6a36c789588c4690a1eea83d49bb2e5e
a1d81a64d7f0418b88bdeb0760daae0c,89dfb17d7aeb4b549835a75fa7ad0747,d37b6f95ee0748c5baf881b888668921,060d1dd7dba6403088f67fadb8c4cf44,c0befe8ade8d4577999c1c116e95d87d,7f08ad01b7704bba935ca5ed65e13dbe,f024852dda3a448297ae6f8d17f010ae,e3505af9b4cd432e82e19b1720d1337e,44cdc5d829ad4d9c963cb3dfd6d462e9,c5ead71e129b466185355c2a9778ca1c,ea76fda2b67243a7b8ad566fde232ab0
f157256a59b2441dbdd511b00a5b4c15,7e5cb0a6f94f4833afdf53642d43bc88,b0288859dbf646ba8093b9d62d60322c,67414f01cf87451b98a4b0ca5064c4d6,fb39d9de39b34483835c0cc0e48d2af6,b1642b0674f14ac1a406cfdb44bef96e,e59004265eed4f48b3f4a2a8d72374f8,1c19439bfc5d408bb47abb32d2234ce6,613d7eef3cf3473e8c4028e52b031a27,9b51879f67304ad180f0ce385fa8cbcf,ac136177d5824e2380721c4ceafd8a2a
350a42319ad444ceb791657dbc8b6320,cd34175243834104bde29e20f6b24a0b,805542c67d7f46fcacec555905d409a0,06d952d066794041971422d3ca369dee,ff3ff5c253744570a8708608f01d1c46,d113cb5cf2e244aaba540684639b6ffd,8ca26181219a4ac48f9ffc92c1a9745b,86f18847a55549bc9cdc60eccf251e6a,8a3c2c8dfd98427fa0f8435bbd39daec,39b372fd9a60400db2db3eeaf7bf0d8b,59ee5e451406490ab0f1c63d44ae6c0c
a38a5f2625b84ad5ad6aa26ade14bcdf,8444abe111414ca79823a1f2e1f67a73,0f902533ebff452298d312ba09bb66d0,f9ead7da5c44400183662d8283928c7c,4473ec14ed19439782979cd0f7112c98,52096473cbdc48d08a98f6e7d4cd75bc,1af57096f7b74b0fa473c8a99c8c70b7,1646cd52269445a3a571684611ab6475,329bd3416a0a457785f4e1306d6928df,395c22db326348d591aa1eadc960a91c,2fd88ce571b141d3bd17d81011227266
68df0cdb42c44386927d1ab20f02d81b,fc70f2fbfadc4062b97d7d07e30cb0b0,db2940d153664264b342b6427b8a80fd,40484c7c6afa4e05a946533abd26aa67,2c055a7feb314e8797b0141387b354c1,9aa701cd090348729d1f25e057e24e60,1f912a11eace4623afdb68a608295b35,8d4c9990d28341d580221d2e8524fa91,72f6b6a60ecb4455bb2a1e6d1afb33c3,476a5c65076144b98a20f0b0753bb04d,0b36ae97505f48979ab345e8c96185f5
9dbbb8c8cc6742d9ad17a7edb766af15,3e09196b092d449c95ec9a74859d81e6,71c3e53927ae41f3953bf98f5463e00c,697c1cc2f1eb4885aafb19378901c6c5,a1da098c7024457eaf4ef7d690346fd0,47a0a9eec4864387a8ccdfbf5616f1f4,ada9e89560ca4022b90625ce1239a5b5,e5b042998c374a479da63d501c8be25f,4234d7c91f814372a8da8633f9ed7ba7,46c988eefbac489a80cbe8975086e6c3,d9a5e7d9a63f41dfb2a1471e0410d729
36b71f11f7a145e984a92d025a957619,50a9e3ea1cdf440297563ae695074b89,8960ba6c29ff477399528254db6bf1f2,83d3f9cadbb1452b830392436bb8c898,0b22223d81bc4914985802e7467200fd,fa22fd2fdcca4febbf829641153647ea,84f1c71c0d0941d381ca8b8a9993a0e5,f241413df3704619b73d41b93bff90b2,4d9dcea3259a4f98ba0da1bc52f74764,f5f6e240d61447bb90db587a4a285641,8b0009c7eb7948ad998123f158eadbc8
38ca86b373064f6f8ea7658b49bbe330,2f4df3c984a84504966a79a2f9da78cd,5364d139388d448d9d7dfda9e53744e1,1a9f52a5b1fa476ab18fafb89f5ea80b,5a9f0cb8412c47e1b6d83b4ec84baddd,fb7f37d86df14e4a807cd7ab8fd58494,e80e07a6650741389671bd7e3f517739,dd9226f06a0343fa8cdfe208f103689f,2f15ea8a4a864fea8cfd40458c4c4514,107f27bf1e1945169726afab00212aec,21a7f4b6e4354de6bb0f105d5d596128
a0c5985c23e544ddb4c97414342f5703,4909862ce4e747389e0411f6b142f560,353cc66a166346be9b6d1f3f17024b05,798395e7db2d4eecaef4610acf8c3a62,7c0137938d5a4d51b35713fd16c5cf18,3ddf286cacab4c3b9424bf865e90051d,8f9c1e9624924392ad8e0e2f1fa0b467,87352d5a19bb49ec9511ab0340bdb84e,83d26d4ef98f40da80bc50b19531f3dc,d55d3dcd951c440d8395fac18663056b,6cfc225dfeab49a297f46b1d4594f546
aa01eb9ae20e4887a620ad80ed7b2407,3ddf286cacab4c3b9424bf865e90051d,8f9c1e9624924392ad8e0e2f1fa0b467,87352d5a19bb49ec9511ab0340bdb84e,798395e7db2d4eecaef4610acf8c3a62,353cc66a166346be9b6d1f3f17024b05,4909862ce4e747389e0411f6b142f560,d55d3dcd951c440d8395fac18663056b,6cfc225dfeab49a297f46b1d4594f546,83d26d4ef98f40da80bc50b19531f3dc,7c0137938d5a4d51b35713fd16c5cf18
ece2d254519845bb963fe3b9b3a0482a,f981883fbcce46d2b441ec2890599eee,833fd05701f74898afef1c31c2bae668,94ba940609114bf99c25d0bb1b3c473e,06017d36b7f14557b42547c53e87af4b,587a74cc8a704980b5ce73fa168bfd4d,b3e59e519de24e47be890e779618c256,a66be38173e246be9a34aba8b975ecec,1c947fa04b1440fa91ab5c5a408e54d4,91be73936cda428bb42423f4860d42cb,9802eea141f344928c3b557037d77db6
b628dccfec6246179425bcdb04af6e48,82becd6a94574a1ca8c2427820fbc11b,11e1bc04994b44da9f4109937c588aac,6f00c847b6944049b947a0987c4ff02b,d6fd8016dd3a4299970c3356b4c8d7d2,3ed96a77d81745f8aacad0a51389d4b0,3ceb2cf6fef64b2d945575aceaca87e8,1cbb488410e343c98b3727b15f5cd886,ab70fd4fbd5a47f2a685310e587e6619,c0bc2ed435a042cea7b6ffb238b55bda,cc7d64f9b2e04c669dd1fc259a8f929d
a745e242c9e84bdd99229ad48ce5da08,906132c62fcd4fb1bd79cf483284f563,ff21d7892fe54b71a9dbd2b2fb5c6366,99c4b99e6e704e63aca525cf56328480,220b410d8f4b4cf18e0d2d791f988c3f,35670e367bd041ef863c012317fced53,a20d7ebd03784407be6c31012611177d,5a3b53cdc8044133ba86c6febc372440,021b1f5e4f3d4ed4ad4e6aeb993977ed,b70f0a39763749a199c22c426ff10328,9719a9c45d664deabe678a39f647125a
0dcd471374f943e78006098d06d7111c,1e7bb7d6d45e413086d3ccd95544f109,d09cafc7824249ff8b9296746e43e06d,5179d8fcbddd49bfb5dac5dd385adc92,21a7f4b6e4354de6bb0f105d5d596128,69e9a17b494b48aa85ed4b9aac347e7c,04b7af21ca364a6a8906da1ce4af0c83,102587885b394ff1b73d9af9a6d9254d,61d260752f724f50b8ac73645d821c3a,cb05cb6476f745508fa414d46e0d62e1,fe12eda01fca4a04be07f65f4078697b
1b1e04c9bf8541dcb05143651303e702,e8fd1cb14597408891dd692284385c34,3fb5aba92d7a48929490b144b6e3b385,a383addd222c495aab1ef354dfa8040f,16050b1ecb8a4bc58599967f47d852a5,2f54c494f2ef45ce95607918fc8cf801,1878b774e33140b49cc521336eb70eeb,da7e27b1766e4d8ea46c0fed5320e217,25688cd022da42d080ec67693ec76746,875e48c888b84300bad3363b57821ad6,e0b8227c5a6e447583af27b8e16e5285
98f45790d86f4cda85b23febbc415c4b,35cedfd6b4c641209a42fe5698aadfb0,91065f8631904b0c9f2cbe52552b4899,90da2d5354f543ef955f22d52ca581db,91be73936cda428bb42423f4860d42cb,a66be38173e246be9a34aba8b975ecec,1c947fa04b1440fa91ab5c5a408e54d4,0294485c05b2461ca7bd2d59ca32f912,c887b03237dd4ca888831b90b8a42139,06017d36b7f14557b42547c53e87af4b,88ea3acc2ee440e1ae64d1e887bc3040
a25570d747bf4511bd3c48fd67664764,b50184f7929a4f67bae3793de6ff432b,11869e5ff68f47a0ae5295cb9f7df349,2020ad71f52c4c8b8192afd44eda0eb8,8d231b35103b417db35186e983300422,ba328a988df1403794cb7e8063233a08,a2f9cdee3f7640f29cef4defc6814dfb,833fd05701f74898afef1c31c2bae668,f981883fbcce46d2b441ec2890599eee,b3e59e519de24e47be890e779618c256,97c466992a9b49d6be6e341b045ffa8d
3d1e305250c24c8589f509170de2c96e,99c4b99e6e704e63aca525cf56328480,ff21d7892fe54b71a9dbd2b2fb5c6366,906132c62fcd4fb1bd79cf483284f563,5f0b28f932b4492c91ed6e540f7776bd,b70f0a39763749a199c22c426ff10328,8f89197765d7454fba5b1316491fac7e,220b410d8f4b4cf18e0d2d791f988c3f,9719a9c45d664deabe678a39f647125a,35670e367bd041ef863c012317fced53,021b1f5e4f3d4ed4ad4e6aeb993977ed
1d6a8651e3cf40079ba71203011d995c,708eaff36c8b4f17b9b53a4cb0eeafe6,cf510d6e451c46de991968709a5d1541,8d8621dcd43740ff8eafec9b7e4e3a90,264209a7e43640c38edd8b4296bcd959,8616205644174cccab53bf321bc5e38f,67d178b8f1794bbc9b226c7906aacb21,b0b4c711968342649155226e37ecc60d,60045b3170b7455abaff4b9767309af9,e9993ad45a9549ab9124fba29f12f122,36d3f69585524658ae4761b7c924780e
ed9efad4fa0e4c4bbf066c3c31394191,7f4fe0f72c6b405d8aa268a3d212128c,7c5250ba520945a2ae4c97550418aa6d,0e4bb33ef68b4570afba223919c5e84f,52d8b34b4a1547888a7e215a55c1ee8b,7d0864f1756c471791cd0323556745fa,c07ef72e8c774c048578d639cd1d8890,1fc1cd8c86ae4d5783594c0bb5cb5088,ddeb6af3cf0544d7b49674f205283219,59c08ef8462b476dbf87f2dcbd3faa4e,e069b2c13bef4010803240f63f330142
c0740acb6cef4c5083b3c6e8a98e18ba,1d8217a3d3384258ae8c8fcbae64bd05,aa895a8309a640ca95fb02582e265970,39dca67b58684754b1aaffa52874ca0d,7a5ceca2351c404ca55661a4918cd452,efefc02efc8b42a389781b22b17e2bf0,5f0b28f932b4492c91ed6e540f7776bd,43a6ad4ddba741b3afb7aabb8b3da371,3f53002b52634d3084744b833ddaa2d5,70e375c7b6f8487ab57c88dbd8d95934,a68b6d1d57a349dea85b20b605006443
bd0d9c44133240bc8552dc86c02da6b2,867f6e2dd68c43cc843adc243ade5195,edb9a7d4b2c24ba89b392972f90a462c,80f9db08a53442278c028fbf345f7381,fb4ca1a32cca47ebb2242887c600783b,33f7facd60b34f569c1dba538362679a,67930fdb525b4684afd00a0cbebeef61,4c0076d780d24363b1cd8c63ac32c8ac,14da114b3a0a499bb2ece0ac010ec73e,5186173b48364d628c2cd650e2b34ea8,e37b414ad9b244b79b2c7cbb2898329f
ab6744d2922a4d36aeb3b7c9fd66fcba,bd8d1edfd6c04f84831180e657980156,615676b020a64fd0bf8ed64fcc79c6c4,e7b43fb77ad2422e84575091fe4fa03a,0acad9cf540945428c721710c05b0796,da91a375efe54c30a00cb0dbe477b4c8,9584d695a2274aeb9d179f44e06f6481,33f8939d09984bd2a82e0884ef035f3c,0e74e5cfd73f4583af5ae95eba1a255c,242d70d9d18245dd9fd059e09a227003,9b81ed3fa8d7439489fc52dd46beee74
323f71b2b7c848e699b422d81295613b,395412373f9d49be9d9f655e81c28568,97f3bd9230c64a3f83776b29ee09620e,3b36dcf2307f465eb0c0ac5f385d0294,1e7bb7d6d45e413086d3ccd95544f109,5179d8fcbddd49bfb5dac5dd385adc92,d09cafc7824249ff8b9296746e43e06d,21a7f4b6e4354de6bb0f105d5d596128,23971ab5fb574c0e965659448c74c5dc,f394dca9df474839ade390713b4e1640,5186173b48364d628c2cd650e2b34ea8
51f40bdf9e3c4e228300068ce6a65838,d881a4cbe7a04cfd9ab0b8c027f63a52,735ba650c327433aa768a39c8fca43b4,0fcd7e7b478e44dab7d9cdd84075a610,d8a8167dc4334fd087cadf0e47d14de1,dba00a30fc3a4143bca9e3c4f3189785,6ef381caecc64539b58a5aefe7ed8203,471f3a6900b54a648968cf56dbbecdfc,ff2be0ef5c2442aabdea79206f2e6b23,e747777f832d4de0b9e33c87652222ac,38601e71e958457bb1594eb46e82514a
c6380fc6897e4ddc8b8a31a143e072e1,c32ef47204274b5c95199d4c27196415,90785b7e8d9844d5a8c4ca019de708dd,475371f56fef495ca7f1a6207dd3296c,7816ae395fee49c58fff00b39784dddf,187a492e2cd04cf7957cb853ddd8f03b,6981c91c7a874901957de1abfd270ef4,9fd696b4294b4b0792f06ba958b01624,4e9127cb6e074d4ea6ec86bea316515e,94e0921840aa405689a8ee205ddde1b5,b34e10c1cf774f29a1bd3c365711c7b2
0df22d63a5fa4086a47db6b393f45b11,1a0365d2cebf435b89f0da47e1a249fb,59af67f063764c159d86f3464d5767b1,0edecc145b6e4448ba3b257790090f8f,dc1b0d05d03d4430a9cb0a02a3614553,0e865cc057074d14b13a92416727e020,0020d9ccf91f4944afe069070529bd34,2bfa3c99576d40f3867bd2e1888a46ca,dceea955fdad4d9c9b816acecf3485e5,476a5c65076144b98a20f0b0753bb04d,2502fb1cbbbe4c7e84dced75cb6d807a
7e8b4af9bfc241ca8cd7f5c57c657d32,ad626768b96f4593899a6617466d5ff7,0db6542c5a2c4382aea954e8189e1b70,1f7d3b81956543e68118c3343f6dc379,395c22db326348d591aa1eadc960a91c,4473ec14ed19439782979cd0f7112c98,52096473cbdc48d08a98f6e7d4cd75bc,f4d283460bd8449f857c0a87fef6387a,c917db5fe3464803aa84f92c8a75c19b,bce1558d0f224222a1c3d750217a7ed5,f9ead7da5c44400183662d8283928c7c
6f78768d44df4346adda3bfc4ab6e846,5f0b28f932b4492c91ed6e540f7776bd,9719a9c45d664deabe678a39f647125a,8f89197765d7454fba5b1316491fac7e,b70f0a39763749a199c22c426ff10328,5f9e6738afc84b8496d5afef2a1986cc,613b9c45f0de405fa2362acc4c7729d9,e3505af9b4cd432e82e19b1720d1337e,c5ead71e129b466185355c2a9778ca1c,7f08ad01b7704bba935ca5ed65e13dbe,f024852dda3a448297ae6f8d17f010ae
b3fb1f6ac90b473fb83765b131d5630a,e4d5292f66414aba8544a8e6dc076404,a50e825871ac4c7f9114b48c83ab4633,74e5f3c1d74149bfb9c59b58092ee223,667d2ed2c26c47efab4a627de90969d5,35180a4e2d8f4e38b4da76e4f3bdfd3f,ca6374c8598046dbb2b50a08b573f76a,366fb77451fd4304bc110fb19018e7d8,71220ac971dc4b12b5c9c9f4ea9e2d7c,6bddb085b250405986a89a4b92bf8d8f,97c466992a9b49d6be6e341b045ffa8d
0b646741f08544b09a20c2d563436751,c200047a656641bebb5c44022759137b,1c505eb0f5274f629086efc0467322c0,893046ea616f446a9fce958c9766cfb2,f5f4da07b4d244bb93e816ce2a0b83b5,505614d7dde14f3c94b9f28dc756a2cf,432caae01b93438ba6d0652777a6f4f7,2c4082f83b5a4517b1601eee725866d4,f985c88fee1a4d799bf339444e000668,4439cc7f44e641918d2a304cc9c4a626,5eb9cce498104e90890e62561d300e91
af282ecbbbd54aa3a4fa3391de07daa8,e37b414ad9b244b79b2c7cbb2898329f,d393f748ba0b4d5cbe194e1edc8e9ef6,e903072a8856472c84e71a4f70b87eaf,f57d4326627546e7bbd55342721d0122,4494dd8a18c94b48887c57a3639ffbba,f9f4c5056d834e049b3cebbc8f9686ff,1a8890ed47724179b60b4e01d724e9ad,67930fdb525b4684afd00a0cbebeef61,4c0076d780d24363b1cd8c63ac32c8ac,fb4ca1a32cca47ebb2242887c600783b
29591c652f5d4a4fb5b371d3155f7ea3,100b0002537e40e7a4d9fcb5f82ddf33,264209a7e43640c38edd8b4296bcd959,b0b4c711968342649155226e37ecc60d,8616205644174cccab53bf321bc5e38f,806f482c346c449cab5ab4e8cb68514b,e7d5d4e34d7449888ea47d040ab5e590,67d178b8f1794bbc9b226c7906aacb21,f581c1ab46c14f1693bb0dd1047314cd,f658d66435164d1f880c508165bf7ad6,60045b3170b7455abaff4b9767309af9
563a4f2d7f86455db1554d7d12ef4438,0ee6d6922aa64ed882742ed09c385fed,6245132e13a34a1791c3815b7776e0cf,eb6f580056444dec843978c5bdd3ab7c,065b1e1ae9894aa98df9ec0f2803621a,ea172bf600d8492bbac629bf51b87d61,473a187ff44443f8a3492c3f36601959,3a1a33dca623475c8e018d2e00c52104,f1b508d0e6744af0b996ec9f2c93ec86,3010b10322014c1ba826b2197cc316a1,d2d65fea13ac4472a15421fd83ef9c96
2820d376a61b466ab6ae90ee80021459,392c0474fd5d42e8b84f810f35ad6d57,e4d39a4e46ef4882bebd42e02c56681a,11a1b53f158f4a4895eaba0e85080a44,a9b0b74d31d04816bba318cffca1c5f5,c8769ce3e3d24f4697ca1887e171260c,f7a4cedbf2f44fb8b383c6912e7bb805,fab03518a94c4d3a86e5130f2757051d,be4cb5bc4a0f48b9a3b56ef8940ccf4d,a0b23dd893344f91bc64137992801e1d,d01a67b79e5e44f682950f66fb19e797
18c956e7cf474417bb0b1fb2be076bc9,b70f0a39763749a199c22c426ff10328,220b410d8f4b4cf18e0d2d791f988c3f,35670e367bd041ef863c012317fced53,5f9e6738afc84b8496d5afef2a1986cc,9719a9c45d664deabe678a39f647125a,8f89197765d7454fba5b1316491fac7e,906132c62fcd4fb1bd79cf483284f563,99c4b99e6e704e63aca525cf56328480,613b9c45f0de405fa2362acc4c7729d9,5f0b28f932b4492c91ed6e540f7776bd
3cc3916862294af091a252c7ca31d8e8,475371f56fef495ca7f1a6207dd3296c,90785b7e8d9844d5a8c4ca019de708dd,7816ae395fee49c58fff00b39784dddf,c32ef47204274b5c95199d4c27196415,187a492e2cd04cf7957cb853ddd8f03b,9fd696b4294b4b0792f06ba958b01624,6981c91c7a874901957de1abfd270ef4,94e0921840aa405689a8ee205ddde1b5,b34e10c1cf774f29a1bd3c365711c7b2,4e9127cb6e074d4ea6ec86bea316515e
a4f040e7b3444df8b5fc6bacee52103b,0020d9ccf91f4944afe069070529bd34,dceea955fdad4d9c9b816acecf3485e5,2bfa3c99576d40f3867bd2e1888a46ca,1a0365d2cebf435b89f0da47e1a249fb,59af67f063764c159d86f3464d5767b1,0edecc145b6e4448ba3b257790090f8f,0e865cc057074d14b13a92416727e020,dc1b0d05d03d4430a9cb0a02a3614553,2a2db86f50ed41219d4cf843470383d4,a678110966a6439388a2af4b1a05a0a3
7ca3e5521ccf48dc94533089665e75e8,efa7fd05ae0f44c9aca2ecc5f86cbdfa,c699e17aae0a485aae0fb50c9f1c875c,7133a5b4620347689012d43c9c56eb42,c61e1e592570487088074cef60fbc753,473212fb140a4e38ae84255e4b18746a,82dc961a122a4dc5a97ac32021157b71,86e4b3d3d5944b169c6a04313f11a6f7,699e13d9a3f84d34a09edb302a900a37,804db47b5e7f42669ad2710142a8e234,6278a2eb71e14643a0c9a6feab15ac17
b168c1a5973b423898b8c8b3dc7df945,75193a6c65954cd480c8d2aa742dcb27,c96d80e4ce734b14a62879a3a5c6cbcb,992ea4fcead7459890a9fd2f829c7a67,31c53471c1d24753bbc42cd8b95436b1,1b1469d98377499fbdb5fe34709da9ca,fb13feb0cc1d4bb7b851618fa251e5dc,556b0cf62f26426fb3ac97366071dee6,cfcddff5376443d5b0c607c285b266c5,5eb9cce498104e90890e62561d300e91,018e533205f04ef7b3abfa98df061077
17154984a5c24a23a0f570a8a452624c,31bc8ee6b49646fe8533ac1628887e94,61d260752f724f50b8ac73645d821c3a,fe12eda01fca4a04be07f65f4078697b,794fd63569e042799336b8cb3870faf2,04b7af21ca364a6a8906da1ce4af0c83,102587885b394ff1b73d9af9a6d9254d,c99e98d5cf884990bcd5e997cbd8f161,69e9a17b494b48aa85ed4b9aac347e7c,1194e05ccd15414bae793d4e88bc95bd,6fa230afd3544c2da2dd33799489cc48
b4fdd08103ce4a4194130a5d39a23e17,903fcf7ef760419a87688bc525f5b171,19e5276f741c468f90b43f7d0e9536f8,64d55dcb3c7449119e74642f176292b8,e2439c4e0526421498036aa05024a4ad,c7858141bb5c488bb255612e4871de5e,e53edc4447474d9f9f2a6d6fa009088d,150f21a0b262479e921af566e5c99d2f,311a5ade6ec44b019710c6032ca7fe5d,9a61ac2b5e56428f975a5fde5f5ab07d,7b57671cddf444e5b8c48414a6f38309
07190cc823e54284abc6b63db547c47c,c61e1e592570487088074cef60fbc753,86e4b3d3d5944b169c6a04313f11a6f7,82dc961a122a4dc5a97ac32021157b71,473212fb140a4e38ae84255e4b18746a,c699e17aae0a485aae0fb50c9f1c875c,699e13d9a3f84d34a09edb302a900a37,efa7fd05ae0f44c9aca2ecc5f86cbdfa,7133a5b4620347689012d43c9c56eb42,804db47b5e7f42669ad2710142a8e234,6278a2eb71e14643a0c9a6feab15ac17
008594dbabb74c5dad71d0bf918aa61c,39925d0366ad4279b6d347802317e09a,b776aa0b88d447619d0a43869a7803b0,0f55979dbe4f49b882786e4fdf2103f1,798395e7db2d4eecaef4610acf8c3a62,4909862ce4e747389e0411f6b142f560,353cc66a166346be9b6d1f3f17024b05,cb176d279f7c4ce9b0f8ea0ef13f71ca,3ddf286cacab4c3b9424bf865e90051d,7c0137938d5a4d51b35713fd16c5cf18,87352d5a19bb49ec9511ab0340bdb84e
fb486d3a516d4b8d8dacae22fc0c81d2,6a36c789588c4690a1eea83d49bb2e5e,158ef8c1b78948b6b47ebf724412840a,4018563cc4ae4a9b9403292c6e4a4237,b3b7bfdb4aef48f08ed1f20b9daf2de3,f1374db1a28549b7acf80b3c567c0113,c7b9ce9cf0604943b6f8cfe134f6c83d,2105309fc08248209b6ae16da7c5d68b,1ec7d41333b74047a44662380268a0b7,36e5e9de99f64ee6b295d0970cc701ed,278125d70f574dfa8ee2bc8ff92a716e
810436b02aaa470b84adb815009dbb04,c06b9f5d7fe841f692e37104463a2eb0,0c85b5e5712442b6b3f2b929bc13525b,0bf91dc1a7cd4cd88488209466b6b915,435c5449832b42d48be9212dc5d42b61,a85950d139c649afb2dd3d63d663d03a,64f7531e9de2462ca3e1e599d04d59cf,36b67422580648f79aedab84459318ad,3d864e75578f43d998c267481df8d540,3a1a33dca623475c8e018d2e00c52104,3e121418877549259d7f9d59ad4cb292
de70781c5d244e7783bc042f1e42655b,e3d588fd2da14c47897adbdcc5e6c307,2bf7f7c39e3f4f42a305ba159fb1ecf9,79a68794a3db4cd5aac63c074b0f36a4,84834495d7474dd69e588c43bd7c2045,48dbb5a7d0a14551a1d053aec5b2a3e4,d443cddd45da4879b2fcca918d3b38a5,9a0c6386081842e4959025ce7c45016c,836385fee78d40faba293ff1b1b6481a,6efdf99da86246e6bf15e63b8c8ccf0a,76889c750d4b403296019574160db297
839121f7fd1648f6b171f6f2142279dd,31eec009c0b1463ba66a1c22f1b52c8d,4e936b9d60fa4025a7e7743a414f6ef0,b80de433c7c446cf9b95c1b2d174c20a,d113cb5cf2e244aaba540684639b6ffd,ff3ff5c253744570a8708608f01d1c46,8ca26181219a4ac48f9ffc92c1a9745b,39b372fd9a60400db2db3eeaf7bf0d8b,8a3c2c8dfd98427fa0f8435bbd39daec,021b1f5e4f3d4ed4ad4e6aeb993977ed,86f18847a55549bc9cdc60eccf251e6a
8cee4362f39748cab4b7317e027eb446,da91a375efe54c30a00cb0dbe477b4c8,9584d695a2274aeb9d179f44e06f6481,0e74e5cfd73f4583af5ae95eba1a255c,242d70d9d18245dd9fd059e09a227003,33f8939d09984bd2a82e0884ef035f3c,615676b020a64fd0bf8ed64fcc79c6c4,bd8d1edfd6c04f84831180e657980156,9b81ed3fa8d7439489fc52dd46beee74,16f8a03513bf4494949341a3904866e0,525f99f36a414fd1af5c3209577c8aea
2850d4d419954cb5a851ad5e7ef9ced0,80b2eaf9ab584abaaba98e8bc7263dcd,deec678158354a06a83c2b3b491ede7b,e3254789fe914e7392827b9b59cf1b67,e326fefd4f7d4546bcb3477b704fff0e,5407db7dd3a446c1a502ec0f7f2f1e46,27c7ee14824e45d68fdb56563e116333,505614d7dde14f3c94b9f28dc756a2cf,5eb9cce498104e90890e62561d300e91,f5f4da07b4d244bb93e816ce2a0b83b5,893046ea616f446a9fce958c9766cfb2
7cd6cc3770df4edc827457f29b9072f5,88b9875d15dd4152a2531e18b507ffd7,7f14a57f07b546c4a4a6cd5dc687eb2e,d057f0bda4a347a199c24138ff80b54c,6cd5edb359a84be3b69a15bd14e1a4bf,e7b5a88fa3104ae2af731e24812f1567,f803a2fb530f48aab47e0305cceccace,bdb2c91add594cfe9ba838254d7bd418,3fb5aba92d7a48929490b144b6e3b385,e8fd1cb14597408891dd692284385c34,a21c1f461e0a4ec6aab364b0a11f4de8
e0cb3184b91845e7b64d275b03590b7e,150f21a0b262479e921af566e5c99d2f,311a5ade6ec44b019710c6032ca7fe5d,e2439c4e0526421498036aa05024a4ad,e53edc4447474d9f9f2a6d6fa009088d,903fcf7ef760419a87688bc525f5b171,19e5276f741c468f90b43f7d0e9536f8,0d3b96b3dbfc4139b23b74f435f81735,834572e442a04f7594289dd90228aa51,7b57671cddf444e5b8c48414a6f38309,fa4bc99f9cac43479cde9d152d80393f
4fa85c39e7f84d029e20d62e20c06f52,410056de626e42b884a63b3779cc8b32,99ebc8079e91493daaa7a3541b2a63d9,50679a7276be4ec8b8b94050684ec7b7,dcfed512b2d14a7ba7c04dd862e67e28,019748d0729a455bacdd384e2c26637e,cd27316f434a41fd9977ba6ca1daf865,2ed6d9d600634482907c40f5e653545f,f64d5d70431a4a8fa0693e6afb9b17e7,d304eeb9dc094af69c53394352649964,38b0287944904e45a63515cc21562997
617b66c3624e49f58fe07187d4cfe601,e8ebcef8c96441cb806edf714f270219,91ff4e3429a64a3da98428e018e3ac9a,c75feb1093c449e491b450ad732fadc7,dc841e175ba4409cb997f00c9c6a428d,03117b0fe6814821b2ada2cf8dcf3751,689118cbdbd346f5b548c584675b40d0,2dde57f6aa754d5c9e494a69ef4c0c77,fcacc1fc12044a8990d8b4c00f370d90,84e0c48be5574d758200eec39036b6a4,cf23465f61fd443bab4c6eceec40775e
48aba143886d42deb85f9c7e9f49d0bc,e47d1cd5cf8c4c4795488c6dc415940e,98ee0e0fe5b64960bedca79bfa3feeaa,c5d554ab7949496e9c436ba01849c1b7,87b7acd9363443dd982ff436ef911ac1,ace091a307a64233aed147610fbb7f43,c70e8e7af9364de6b64710b019766580,4494dd8a18c94b48887c57a3639ffbba,1a8890ed47724179b60b4e01d724e9ad,f9f4c5056d834e049b3cebbc8f9686ff,6cfeffba5a3e482da716d4ecba1f5c56
3dd45aab82494a7c9a01bcf34d25fc66,ec274c19a67543e98be5ee5fcd1c3ce6,316c6d562a954410af901088d8f3aae3,31bc8ee6b49646fe8533ac1628887e94,61d260752f724f50b8ac73645d821c3a,fe12eda01fca4a04be07f65f4078697b,794fd63569e042799336b8cb3870faf2,4cba1145a8244155b8055255dbe7dcad,102587885b394ff1b73d9af9a6d9254d,04b7af21ca364a6a8906da1ce4af0c83,f4d283460bd8449f857c0a87fef6387a
6b271afbd06b4d2c899815c862b552ff,1ec7d41333b74047a44662380268a0b7,2105309fc08248209b6ae16da7c5d68b,1be3fb6c7e7c48a8a30920028c9276cd,278125d70f574dfa8ee2bc8ff92a716e,36e5e9de99f64ee6b295d0970cc701ed,f1374db1a28549b7acf80b3c567c0113,c7b9ce9cf0604943b6f8cfe134f6c83d,b3b7bfdb4aef48f08ed1f20b9daf2de3,ff2be0ef5c2442aabdea79206f2e6b23,4018563cc4ae4a9b9403292c6e4a4237
78efb7a78ad74411bc3aaba5c02ccae4,e0b8227c5a6e447583af27b8e16e5285,25688cd022da42d080ec67693ec76746,2f54c494f2ef45ce95607918fc8cf801,1878b774e33140b49cc521336eb70eeb,da7e27b1766e4d8ea46c0fed5320e217,16050b1ecb8a4bc58599967f47d852a5,875e48c888b84300bad3363b57821ad6,bdb2c91add594cfe9ba838254d7bd418,a383addd222c495aab1ef354dfa8040f,f803a2fb530f48aab47e0305cceccace
a4a677a287e9458aa665bfe81c6b983a,0319a833ee26436a8ab428497abaac60,c6973c93517b4e75b251c50319dcf284,3734e83cf4124413aec2f9a7000e321e,948e670a173e4428ac2abf92ebed643f,7aa2d198b2734ec4b756cf80e6826bfa,ce21f3627bf34462a9734cc8ddd64935,eeaaa5ac03324f7d833862f90da0b908,56dfc41ba1204b8480deac5d9963b578,608cb59380114f819e6df30404ed50f1,539c4e2bbed84df2a88066bbf9cd1ed2
94adaa692a6140c792b31bd64fea2249,d50c62f7ed674353970d4b329d4df0a7,a6daf81e034241f480b229768a3c8a5c,a0f1fdefb6e24b81a79a365d8214b711,ba328a988df1403794cb7e8063233a08,a2f9cdee3f7640f29cef4defc6814dfb,8d231b35103b417db35186e983300422,6856092d227941509e7d83fc3b17b2db,b3e59e519de24e47be890e779618c256,91be73936cda428bb42423f4860d42cb,f5720961b33a4dfd87f4700c6737e345
54986e13e7b541d88db53d84c6cc9199,598f359622514e5f8b69f29a05d36737,d48c3e5a9fa84229ae50ac91920596b9,dc0670e8a5414e07b79b82b0e0770095,635dce00edd942ecb5c18d0c0080c4c6,7cc436b52a454cca8ac75241316d845e,27e06d7eab874314b4c55e22418e7ac1,7006411be2444d4ba109a39cf4e72bca,db642c4a19274ae9ad941d7e1e7e14e8,f94b488901a3453c9c04a232eab32ba8,41b1122ac725411f94ec7b150bd59f1b
d9ff3feb61234776a592799857390a2b,e747777f832d4de0b9e33c87652222ac,ff2be0ef5c2442aabdea79206f2e6b23,471f3a6900b54a648968cf56dbbecdfc,d8a8167dc4334fd087cadf0e47d14de1,6ef381caecc64539b58a5aefe7ed8203,dba00a30fc3a4143bca9e3c4f3189785,2105309fc08248209b6ae16da7c5d68b,1ec7d41333b74047a44662380268a0b7,dbdb963a5ce64412bee3c14cf96d1325,0cc413d3f52c4f94ac49d690a4c79289
f674e767e56f4a53bf7326cbd5807e46,c7b9ce9cf0604943b6f8cfe134f6c83d,f1374db1a28549b7acf80b3c567c0113,b3b7bfdb4aef48f08ed1f20b9daf2de3,36e5e9de99f64ee6b295d0970cc701ed,278125d70f574dfa8ee2bc8ff92a716e,1be3fb6c7e7c48a8a30920028c9276cd,1ec7d41333b74047a44662380268a0b7,158ef8c1b78948b6b47ebf724412840a,6a36c789588c4690a1eea83d49bb2e5e,2105309fc08248209b6ae16da7c5d68b
b4857013dd664a31b904cbaa9568e7e9,0eb09f752a3b4f6cb883849eeb2cef78,9cb5b672f4b549c3825be1a865bdceb0,53272e5d17fb43cbb9168d868cb1cf8b,f86fbb195996443aac04585927734a77,80d81f8c1b2149809251e3995b51d8bb,f54f200c1998432ab342ee98cd7f4cfb,7a2ebec3d937462a83a6519d2e0897de,7dba07eff9e64b4dad8812c29fef620d,b7948a4641354a45980df8dd20f3c837,1a8890ed47724179b60b4e01d724e9ad
a80ab773e1274f7ebf0d5fe4778f60d9,a7773e2468284e18b22f69f97f882e9e,7694ff82ddd64a3aa502a1c5b007b91f,df8331c06b1244f1b143412ba654e883,d8caa920d1d042fca921897d69f0a726,4d9832d64c20483a9b34f85add0bb031,b805494f5464419a919efe1ff113cdc0,1f4e759d3fa94fa1b0541b146a40e1d9,dcb2408a6ac7421e967194a13350d82b,bc378f7f2c514e298253c2cb004c2c60,3055673ebc9a4bd490ed031812bf874c
80145085568d4f51b9fb4f209ba596a9,7f652bf7924c4d268c01a90369a3f491,f1376f6a18f34042a4fee498e75ff5cf,4a9cf37cddc6454282f07ad7636f2245,b27e410ae9c947eaa14996d74edc84ac,44a01d24afef4d258cc6a6adf7b632cd,7006411be2444d4ba109a39cf4e72bca,db642c4a19274ae9ad941d7e1e7e14e8,b6875a81ea6d44208e20ac18a59a583d,a40ff6cf43b8401a8b2db73679d625e4,b0536545e2b5468c82a1613fbf11c28a
21f6d8074a3041078bcbedc281a7ea2c,ffde07b2c54949a6b6b35d59d5b1fa01,511d0f31c4384295841cfd11c94ef954,744fafba3838400b9329f7107405bea4,6cfeffba5a3e482da716d4ecba1f5c56,74054301dc504723ae9bdc68a83793de,930bec3be80d4f078114241d164b49a5,f9f4c5056d834e049b3cebbc8f9686ff,1a8890ed47724179b60b4e01d724e9ad,4494dd8a18c94b48887c57a3639ffbba,cb05cb6476f745508fa414d46e0d62e1
7e5822cd81e546bda1754bc8648f69dc,e514d8e936e9408baeccad4ab3b391e8,5d8ea0b6761a4da38b012390c3ccc7d6,c83f40a288eb4387af5f4e3ac35af10d,147432c2c2e94f73bb79e3403fd957bf,dec1341e36cd4f8ab32b48ffa77e7c97,0f2ae5db4ee6476fbb0e1a8a9b90caef,0589866cfed34253bf96304c28faa0cf,a09e1a67b6164f0f91a1603b04f0e68f,e9d64e9e9b19498c93aaf7ca5146eeb8,7ae31914143641bd93c8bd31336e26c7
074060ff9ac84801a97d3272c4b2f7dc,787c523bba224b2bb8dc4c5ac07ef274,539c4e2bbed84df2a88066bbf9cd1ed2,608cb59380114f819e6df30404ed50f1,22a3fdba04fe4913b7d9c584e672f39c,88a38730b10b4cce867a4500e6284160,d28dcdb66adc48f196b827406776aebd,c004dae2c35d4cc8bb12749c86f337bf,948e670a173e4428ac2abf92ebed643f,7aa2d198b2734ec4b756cf80e6826bfa,8cff10547bcd4b6f98f5aeda2816481c
1dab977e8d1442eeba3ce47e6d1d1552,da9dd373193944148bd440d5014b9552,6cf593e7c60c4090bb9aa60c5a336a16,961c5f38ca9b4de88a8f9629c5df27ee,28e3891b0c47438c81373da13e104180,f49a5e3d176a41dcaec3ca6c16fb2aaa,b1063a3ba698493ebabf38471ccb741f,f51eb8efd12f49c1a9e3137970dd4ddf,a9d4cf41d0d04118b29824cd994c710a,64f7aee2fc3e49f5a1259847e2379a36,ca092d1c53684cf496addaff9d781e07
64814e639164477383ef8305dd42bdfc,b3df316cbdc240e5bf6d7f6b260ea7ad,2e7d03b601984ed89a3775edcd4cc947,e1cfa626066c41aea0e146d81e6732d4,882e22540c6c4251a6bb5be24727191a,373f310d63714b02b9fd6e31631aab31,1152287018234fb5a65d3ac587b69296,c58bd8cbd0fe432187051d76d3e19b37,11982fdfdf604ba6adb9c1839ac96562,37f397cb0802494abfc80f0fcdce1e93,0e041e2b892a48208e289b60d7ff1321
2e4b2428e081495993927b6dd3486de2,7c5250ba520945a2ae4c97550418aa6d,7f4fe0f72c6b405d8aa268a3d212128c,0e4bb33ef68b4570afba223919c5e84f,52d8b34b4a1547888a7e215a55c1ee8b,7d0864f1756c471791cd0323556745fa,59c08ef8462b476dbf87f2dcbd3faa4e,e069b2c13bef4010803240f63f330142,ddeb6af3cf0544d7b49674f205283219,c07ef72e8c774c048578d639cd1d8890,1fc1cd8c86ae4d5783594c0bb5cb5088
e6f3b617533849ae98a91a7fcab9fa8b,cfcddff5376443d5b0c607c285b266c5,1b1469d98377499fbdb5fe34709da9ca,fb13feb0cc1d4bb7b851618fa251e5dc,5eb9cce498104e90890e62561d300e91,018e533205f04ef7b3abfa98df061077,f5b9dd1be0b04212ab728e6b029c6de5,556b0cf62f26426fb3ac97366071dee6,c5fe41016fc040869ffc83a01affc571,500270bf0eb44861b275cb7357d8410c,0b741dcbeb564891a80ce18d0144a3e4
8d7bc91ac9384b8aa9c0b068c03bcfd2,0294485c05b2461ca7bd2d59ca32f912,88ea3acc2ee440e1ae64d1e887bc3040,a66be38173e246be9a34aba8b975ecec,1c947fa04b1440fa91ab5c5a408e54d4,9802eea141f344928c3b557037d77db6,91be73936cda428bb42423f4860d42cb,833fd05701f74898afef1c31c2bae668,06017d36b7f14557b42547c53e87af4b,f981883fbcce46d2b441ec2890599eee,94ba940609114bf99c25d0bb1b3c473e
21239b26ae70494f91b052bc149ddb78,07286f8cf4544940ac304dac49a336a6,d444c62a8cb947809882954cb5088e25,2aa245f189d845d4b7b312e0997e697e,b0f824b088954b1db7ee47af12fdf054,06f871bdfcde4da8854825aea2fa6f2b,08aebb98964a453293af497e8f77e898,a7f6fba4e34942969085f4662c5e2ef0,52a9f3a17dca4d5a897410224c777892,34ce7989a4c440a882c40fa7891ce9d4,8ccf2697f50245e9b182fb9d085f196e
1f769a90be3a45b79bd5184ef61b2cb8,608cb59380114f819e6df30404ed50f1,539c4e2bbed84df2a88066bbf9cd1ed2,787c523bba224b2bb8dc4c5ac07ef274,22a3fdba04fe4913b7d9c584e672f39c,948e670a173e4428ac2abf92ebed643f,7aa2d198b2734ec4b756cf80e6826bfa,ce21f3627bf34462a9734cc8ddd64935,0319a833ee26436a8ab428497abaac60,3734e83cf4124413aec2f9a7000e321e,c6973c93517b4e75b251c50319dcf284
4dbd33a5712a4a1ebb73d1913a6fb789,3ed96a77d81745f8aacad0a51389d4b0,3ceb2cf6fef64b2d945575aceaca87e8,d6fd8016dd3a4299970c3356b4c8d7d2,6cfc225dfeab49a297f46b1d4594f546,d55d3dcd951c440d8395fac18663056b,11e1bc04994b44da9f4109937c588aac,83d26d4ef98f40da80bc50b19531f3dc,82becd6a94574a1ca8c2427820fbc11b,6f00c847b6944049b947a0987c4ff02b,4cba1145a8244155b8055255dbe7dcad
804fe0590cc34e68a0ea44f33c1f976e,bdef5e989b8d4b868ce06b51ce8ac81b,b0d43e2fd63148929cf050bde5db6470,90fced07ed524bc9ab6a8ef8b38371d4,d1266a8a69004463a9c56c09a4b55349,75800c15a29a4964a7ec2cbce20135eb,a483211857ce4ce8928ee6dc66cff7db,31d46b6ef6fd4860acc5026f7d11903a,23d871d6e63f48bc995893a9be40360b,d5c26b56f95447fcad9edfcbe24096ab,75436fed238e4a06aa6d74732132bf8b
9d8bf02fe40a45ff8e3fba1a05207808,e069b2c13bef4010803240f63f330142,59c08ef8462b476dbf87f2dcbd3faa4e,ddeb6af3cf0544d7b49674f205283219,6981c91c7a874901957de1abfd270ef4,187a492e2cd04cf7957cb853ddd8f03b,52d8b34b4a1547888a7e215a55c1ee8b,7d0864f1756c471791cd0323556745fa,c07ef72e8c774c048578d639cd1d8890,1fc1cd8c86ae4d5783594c0bb5cb5088,c32ef47204274b5c95199d4c27196415
0b68e072890f494091415951c2cdbb69,02adf925e49745fc8e8427b71ae6a615,ed97d100eb29408da1785f0958c4360f,af1baa6fc4264009a1401c5f5a7db2bf,ffb83493992e49f69f5c7d6a0da9f058,5dacf6a02e674434bc8014c466b8601d,6885d693a70242cbb179772b680a0039,93ac53b4b1d44c11ba7a3d5195d23cda,f5f6e240d61447bb90db587a4a285641,8b0009c7eb7948ad998123f158eadbc8,4d9dcea3259a4f98ba0da1bc52f74764
78a628d099b8413eb30babae542a6bbe,21b0c81a7beb48d8b0c22f3f01aa67a8,2660cbd6eb564d0bbc806032f70df5d5,c36b27be24774d46b2b5e9fd39ed19f2,804db47b5e7f42669ad2710142a8e234,699e13d9a3f84d34a09edb302a900a37,473212fb140a4e38ae84255e4b18746a,c61e1e592570487088074cef60fbc753,63af7c89d59944d7a40c579d0967df24,efa7fd05ae0f44c9aca2ecc5f86cbdfa,0e6ce8343aab4415a1fcb4c8f998bf46
6045603bcbcc4f77a7fd280b5756754e,2c4082f83b5a4517b1601eee725866d4,f985c88fee1a4d799bf339444e000668,4439cc7f44e641918d2a304cc9c4a626,5eb9cce498104e90890e62561d300e91,018e533205f04ef7b3abfa98df061077,f5b9dd1be0b04212ab728e6b029c6de5,0b741dcbeb564891a80ce18d0144a3e4,505614d7dde14f3c94b9f28dc756a2cf,f5f4da07b4d244bb93e816ce2a0b83b5,c5fe41016fc040869ffc83a01affc571
c2ead492232042a2a5c361b9f25954fb,ebd7c0f75263448d851d1c24c90359ac,7a2ebec3d937462a83a6519d2e0897de,1aaa9ef342274bb7aaf54dcf652dae0c,f54f200c1998432ab342ee98cd7f4cfb,a3d6b81447a145d09118ef36ac5dfc33,e3c2661bdb9d4aa287a09c858eec4679,633dc85a59ac4797bdc41b35c3835a51,75ae30bbc85e4503a1a7e93ab1519182,9cb5b672f4b549c3825be1a865bdceb0,6bfb7e76101949b5aec0357d4d915589
b7ca66ecb7be4395a08f2de7c068cf05,16845fe660f44e8aaaeb293305a88a82,476dfc304ba14ea9ad2b5461bdd19649,d4aedd097dc64bc782e996702235da28,36b67422580648f79aedab84459318ad,3d864e75578f43d998c267481df8d540,64f7531e9de2462ca3e1e599d04d59cf,cf23465f61fd443bab4c6eceec40775e,b0db50c5598b4f31a11dc75c2e847144,738291ad52a14ac8a9818433f4132057,e8ebcef8c96441cb806edf714f270219
77391c97700a4cf2b7d38b5269d22c23,46ac50caa5d641df854e1a40202109ee,691621a51c924c52ad4f151cc19ad5ae,555e89a029c74d3b8567f86354d62b3f,89447d831d134539af8bdd96752b25ef,f91fa76d02e04f0d83de4a982b01eee0,2502fb1cbbbe4c7e84dced75cb6d807a,a4460cfa31404893830d60fbf74090dd,735865fda883408cbf1b2803060b4ee8,b01ef3464b514e85ab58769ee79164ac,b1f8016a14154795b748690ab650f8fd
96b5a4304bed420899520998d66828df,1049d1e88d314176899ef00be12f6e62,32bcc17109504afdba2cb8be0ed47cde,2274552fc21d4629aa5b4e61d6b02eb3,a59017885ea641a59b0bcd4b89982096,13a37ba94b854faab6bbf22741f8aacd,b2c8a3d6ea7f4338ab2f883cd43e6e22,c931cf107b174ac68efd5b06b50f6425,2192a9b28b83477e899428a6d23c3e0d,165d4f495fe14745a6130125e5393020,5df3d4a7246a482d8f06d055be673867
9a8d4e6a88194fef80a8d89b1beff475,ab4eaa532c734e92bfad68e39c28496c,99be3522f5274a128a1a0363271a3299,4121dc3398f248648c8258fb4fb5be71,91142beac2ce403b851266102ae538e3,f0b2a5767a524705abff9b5a6196a694,f215abb07dd44fe4a9b7a735384cc92e,87352d5a19bb49ec9511ab0340bdb84e,8f9c1e9624924392ad8e0e2f1fa0b467,3ddf286cacab4c3b9424bf865e90051d,124938b60cdf4f61aca1e369d1ff0737
45045370af73405dbeabd5b55f70be65,65610b9ce7524f44b28f3205e73e6fc5,d9c53691e52b48d89c8a084a2b2b8d1d,b4afca198d5742ff936f88ca6dbf6066,021b1f5e4f3d4ed4ad4e6aeb993977ed,5a3b53cdc8044133ba86c6febc372440,a20d7ebd03784407be6c31012611177d,ff21d7892fe54b71a9dbd2b2fb5c6366,99c4b99e6e704e63aca525cf56328480,906132c62fcd4fb1bd79cf483284f563,8f89197765d7454fba5b1316491fac7e
f67cd2a4e2d44b6696ac9791329ebd51,6c56ac4e773e4ca5a3f0c79eaebf9a01,14acb3e28cdc4388a1a26121588ed27c,473212fb140a4e38ae84255e4b18746a,c61e1e592570487088074cef60fbc753,699e13d9a3f84d34a09edb302a900a37,63af7c89d59944d7a40c579d0967df24,0e6ce8343aab4415a1fcb4c8f998bf46,1001576fa097481fa3e0ff2fff4496f1,efa7fd05ae0f44c9aca2ecc5f86cbdfa,21b0c81a7beb48d8b0c22f3f01aa67a8
184a8ef48b2745c4b36b4f7860da9edb,dbf8f8be344b4fe3b13ea09320b8e580,023599520d7b4d02a2b11ad3cbc135de,b5850fb5e6fd4871a2a532962d9dcef6,875e48c888b84300bad3363b57821ad6,da7e27b1766e4d8ea46c0fed5320e217,1878b774e33140b49cc521336eb70eeb,bdb2c91add594cfe9ba838254d7bd418,16050b1ecb8a4bc58599967f47d852a5,a383addd222c495aab1ef354dfa8040f,6cd5edb359a84be3b69a15bd14e1a4bf
d5268595eac9476abfc4515b37da422c,80d81f8c1b2149809251e3995b51d8bb,1aaa9ef342274bb7aaf54dcf652dae0c,b7948a4641354a45980df8dd20f3c837,9cb5b672f4b549c3825be1a865bdceb0,75ae30bbc85e4503a1a7e93ab1519182,e3c2661bdb9d4aa287a09c858eec4679,f86fbb195996443aac04585927734a77,53272e5d17fb43cbb9168d868cb1cf8b,a3d6b81447a145d09118ef36ac5dfc33,7dba07eff9e64b4dad8812c29fef620d
b7c5d7f02658408bb5037adac49d0580,355f48fac959433bbdafb603f460efb7,a13a9a740fe24d8fbc43dccbcc9aa6fd,e8ebcef8c96441cb806edf714f270219,476dfc304ba14ea9ad2b5461bdd19649,d4aedd097dc64bc782e996702235da28,16845fe660f44e8aaaeb293305a88a82,9b07de48cd9b4d15bd691f6bbfde2d0c,91ff4e3429a64a3da98428e018e3ac9a,fcacc1fc12044a8990d8b4c00f370d90,9b192b4a770b4639b1a9202c285411ae
d925c8c0681141ad9552cee5dbba67ce,1c19439bfc5d408bb47abb32d2234ce6,f57d4326627546e7bbd55342721d0122,67414f01cf87451b98a4b0ca5064c4d6,fb39d9de39b34483835c0cc0e48d2af6,b1642b0674f14ac1a406cfdb44bef96e,e59004265eed4f48b3f4a2a8d72374f8,7e5cb0a6f94f4833afdf53642d43bc88,598f359622514e5f8b69f29a05d36737,6db4a59fb71d40dc9e801f382817dc28,dc0670e8a5414e07b79b82b0e0770095
6ad2ca15cd104910b3d4f087c0ef4c0f,caf9c73677b64065bceb57851aa89092,58a8bdeb687a470fb02413e864c83de4,412b7215e4884719b2331cdff153157e,0a1fbbbea2864a36a06862f526a7b996,41c45de422674e77b24675b344d5c5aa,ad1042adffe94664bb7cd990f23aa09b,453b094831ab4f47b24fa1a248376527,dfea17cc85ce454bb44859ea0c8f8e49,0ac6ed881ff7408ea27f789032273c16,482f0965b7b64cbd930bb9cc1f1401b8
201325d4164040b19ae6f7052a0c9595,a1d22da89d4a4489bd0b1f65e4d3795d,a0b23dd893344f91bc64137992801e1d,ec2df94fa51f4751a9e3742609af1414,e4d39a4e46ef4882bebd42e02c56681a,392c0474fd5d42e8b84f810f35ad6d57,11a1b53f158f4a4895eaba0e85080a44,d01a67b79e5e44f682950f66fb19e797,fab03518a94c4d3a86e5130f2757051d,a9b0b74d31d04816bba318cffca1c5f5,9fd696b4294b4b0792f06ba958b01624
160b7643c49b40d78fd3ee5ae8cc3acc,fa85750c2b0c43e895659ff48f18efb0,a21d52f0fdbe48e282529003988c4358,e4a634e82f244f56bf097cba57e58fd3,50a9e3ea1cdf440297563ae695074b89,8960ba6c29ff477399528254db6bf1f2,83d3f9cadbb1452b830392436bb8c898,34ce7989a4c440a882c40fa7891ce9d4,52a9f3a17dca4d5a897410224c777892,a7f6fba4e34942969085f4662c5e2ef0,5687f98fb85d48499e16db784fb3ec60
111d91f1d8e94baa839bd97d3d436a09,f069642026204b229a15709e45cbd4f5,0986e742eff74833887bb184ad4b47ee,7155ce36a1c24769be69f858c0a8dfed,dfce3ed98c3e4d33b289225efcbb93a7,78b60cc8826f4f068cecf9a7cd8866ab,9276047f6c2e4820a3786fcb0bcf2249,6c56ac4e773e4ca5a3f0c79eaebf9a01,14acb3e28cdc4388a1a26121588ed27c,84918f9b370a40938a35b324fa9d2605,ca7acb9f99ee4e579231200524a68533
0aaeec6f79854ae9a5c0b93dbb6c6adc,453b094831ab4f47b24fa1a248376527,dfea17cc85ce454bb44859ea0c8f8e49,0ac6ed881ff7408ea27f789032273c16,482f0965b7b64cbd930bb9cc1f1401b8,ffa4b07ecb444d6c84de24e73b6be211,e2f2d3d0380741bba24bc1d4c69a9f3c,1f5d5e3453314ffa88e462a485281163,71f230477cdf407999e0ef550b3a136f,ad1042adffe94664bb7cd990f23aa09b,41c45de422674e77b24675b344d5c5aa
7b891b71c5f1466e8b67eccd9b9c8d61,6bfb7e76101949b5aec0357d4d915589,633dc85a59ac4797bdc41b35c3835a51,e3c2661bdb9d4aa287a09c858eec4679,a3d6b81447a145d09118ef36ac5dfc33,f54f200c1998432ab342ee98cd7f4cfb,ebd7c0f75263448d851d1c24c90359ac,7a2ebec3d937462a83a6519d2e0897de,9cb5b672f4b549c3825be1a865bdceb0,80d81f8c1b2149809251e3995b51d8bb,b7948a4641354a45980df8dd20f3c837
5eb7218010154fd09a218a13e9cccfa1,7c2a00f1bfa7496380c75b6bdac5770c,1b52fd238c4242f0a6be568c2246582e,ac61e9f71f1545d4bdf646de697d4359,b719a96f88634718a1b31898395cb856,c62011c694af4d06851a74e4210ecf52,77bf99479a2d4578af8eef9882e90676,75c4642452e64913bf94747b94f27452,9385ede3c22144edbdf01c676d553ad9,b0288859dbf646ba8093b9d62d60322c,7c9bd8dbe7244d559fea35071cc4013b
52ad4d8f9f9e4d05a33dfc42be9b59c9,dba00a30fc3a4143bca9e3c4f3189785,6ef381caecc64539b58a5aefe7ed8203,d8a8167dc4334fd087cadf0e47d14de1,0fcd7e7b478e44dab7d9cdd84075a610,d881a4cbe7a04cfd9ab0b8c027f63a52,735ba650c327433aa768a39c8fca43b4,ff2be0ef5c2442aabdea79206f2e6b23,471f3a6900b54a648968cf56dbbecdfc,e747777f832d4de0b9e33c87652222ac,d55d3dcd951c440d8395fac18663056b
1398a279681647ec902e3e9616b7ff1f,0d3b96b3dbfc4139b23b74f435f81735,7b57671cddf444e5b8c48414a6f38309,93d6d23a8b4048d7a0fe13ba8b41c35a,903fcf7ef760419a87688bc525f5b171,150f21a0b262479e921af566e5c99d2f,19e5276f741c468f90b43f7d0e9536f8,e53edc4447474d9f9f2a6d6fa009088d,311a5ade6ec44b019710c6032ca7fe5d,e2439c4e0526421498036aa05024a4ad,708eaff36c8b4f17b9b53a4cb0eeafe6
721367067d9843f28ede7152d74ea899,2a49b89dfde442f5a932c5480fdaa6e2,cf665e73c33c4f0b8bec3e1ade2871ce,4a74622af3df447c8c660567ac3a3350,47a0a9eec4864387a8ccdfbf5616f1f4,d9a5e7d9a63f41dfb2a1471e0410d729,e5b042998c374a479da63d501c8be25f,e9d64e9e9b19498c93aaf7ca5146eeb8,2d6f0957136948f2be711e399cba9c37,10af960714cf40a08bd1727807d15ffe,3e09196b092d449c95ec9a74859d81e6
bcab19f21ce74d7a8cf838fa72ce2caf,6bb796a0361f4949bf9fee8fb646fb8c,94e0921840aa405689a8ee205ddde1b5,4e9127cb6e074d4ea6ec86bea316515e,9fd696b4294b4b0792f06ba958b01624,b34e10c1cf774f29a1bd3c365711c7b2,7952fdfd854a438fba2a0ab8fd1f6138,012d99f1d50645bdab3fea0371ff3ab5,ed3e2a1728564602bed75eb828f42984,c32ef47204274b5c95199d4c27196415,475371f56fef495ca7f1a6207dd3296c
862831ee43a34dad9f7967d2bd73cd74,6ac6b312bba6439b8d169fa0a5f147e4,519a8b6ee8aa4ef2b70a190e516258b6,fe31af8bdb7c4777bd90f84b6bdf06da,595c70af27fc432ba1fdedb81adc5c3a,7ddc8c06ca39448d812073d60abefa15,ae226303a6ec412e9d259af1ae21ed15,5d7504e919c04f29843ea03bc6a4021d,c7cb6efd91944b2f8cda4fc888b2a7ba,2977c87360b24866b60d4ea57cec7fc6,ad19cccbb6874ba0b7931906436a6998
a20a711ed40248f896bf57180dd9ab46,e2ea631f345e4c21928da5569db690ad,04dae0c980514eb495477c32da9af84e,97c466992a9b49d6be6e341b045ffa8d,ca6374c8598046dbb2b50a08b573f76a,74e5f3c1d74149bfb9c59b58092ee223,667d2ed2c26c47efab4a627de90969d5,35180a4e2d8f4e38b4da76e4f3bdfd3f,a50e825871ac4c7f9114b48c83ab4633,e4d5292f66414aba8544a8e6dc076404,71220ac971dc4b12b5c9c9f4ea9e2d7c
65b3a9c5242644b991c400a6ed258b42,30b1987a8a284f72874cec009a742f83,3d9cb136ffe84d31a814078628702799,9b87f7a0af4f4214886241416e87ea05,d2acba7bb8934d66ad240975e64b9356,0f2ae5db4ee6476fbb0e1a8a9b90caef,147432c2c2e94f73bb79e3403fd957bf,dec1341e36cd4f8ab32b48ffa77e7c97,a09e1a67b6164f0f91a1603b04f0e68f,0589866cfed34253bf96304c28faa0cf,7ae31914143641bd93c8bd31336e26c7
0a7f35ded3fb4b27b2934a072caacd13,1194e05ccd15414bae793d4e88bc95bd,6fa230afd3544c2da2dd33799489cc48,c99e98d5cf884990bcd5e997cbd8f161,61d260752f724f50b8ac73645d821c3a,794fd63569e042799336b8cb3870faf2,fe12eda01fca4a04be07f65f4078697b,2f8eb75ad722467b84ba20d5e4a5fbef,ce9132cb595f431eb8e9525415a809d8,38601e71e958457bb1594eb46e82514a,31bc8ee6b49646fe8533ac1628887e94
05809398918346eb894af9947442bc96,d55d3dcd951c440d8395fac18663056b,6cfc225dfeab49a297f46b1d4594f546,83d26d4ef98f40da80bc50b19531f3dc,19a5e93b3cd14045be78fcdd694cc68b,19446b9c559649349ac99d0ec6082a53,8f9c1e9624924392ad8e0e2f1fa0b467,6082332dc0c542b78f85205b3ea8c9dd,3ddf286cacab4c3b9424bf865e90051d,87352d5a19bb49ec9511ab0340bdb84e,353cc66a166346be9b6d1f3f17024b05
506693f0873a47239500b9a1fc0224b1,1878b774e33140b49cc521336eb70eeb,bdb2c91add594cfe9ba838254d7bd418,16050b1ecb8a4bc58599967f47d852a5,b9a878d27cc24f26b946908878c57a24,da7e27b1766e4d8ea46c0fed5320e217,875e48c888b84300bad3363b57821ad6,e7b5a88fa3104ae2af731e24812f1567,6cd5edb359a84be3b69a15bd14e1a4bf,a21c1f461e0a4ec6aab364b0a11f4de8,f803a2fb530f48aab47e0305cceccace
8f28abd7a6104e9d84068eb01ea04363,0a07e9dbb2544f50a35f97d55835e1b0,ea2d8549270b4fea924db157e9b365e4,ed89cddf50744c2ba2b44eedb4e5a0d6,61e63ea5622b49168a66267abbd94511,99ca18be71514f2f8c8f61cefb31acd2,8cff10547bcd4b6f98f5aeda2816481c,3ce718aa62404794b8877b3c894945e6,c0bc2ed435a042cea7b6ffb238b55bda,08b8ddc46d234318907c0b62545efa4e,a1f6f6456f45452dbeed62bcc46e2cc3
436e1613137945b4bc3b94083b7592ea,948e670a173e4428ac2abf92ebed643f,7aa2d198b2734ec4b756cf80e6826bfa,ce21f3627bf34462a9734cc8ddd64935,3734e83cf4124413aec2f9a7000e321e,0319a833ee26436a8ab428497abaac60,c6973c93517b4e75b251c50319dcf284,539c4e2bbed84df2a88066bbf9cd1ed2,608cb59380114f819e6df30404ed50f1,56dfc41ba1204b8480deac5d9963b578,787c523bba224b2bb8dc4c5ac07ef274
971d6752521d48149a6e7020100ead4f,d55d3dcd951c440d8395fac18663056b,6cfc225dfeab49a297f46b1d4594f546,83d26d4ef98f40da80bc50b19531f3dc,19a5e93b3cd14045be78fcdd694cc68b,19446b9c559649349ac99d0ec6082a53,6082332dc0c542b78f85205b3ea8c9dd,8f9c1e9624924392ad8e0e2f1fa0b467,4909862ce4e747389e0411f6b142f560,798395e7db2d4eecaef4610acf8c3a62,3ddf286cacab4c3b9424bf865e90051d
c659bb51d42449e387aeef6bd0cd641d,e3505af9b4cd432e82e19b1720d1337e,c5ead71e129b466185355c2a9778ca1c,f024852dda3a448297ae6f8d17f010ae,7f08ad01b7704bba935ca5ed65e13dbe,44cdc5d829ad4d9c963cb3dfd6d462e9,8f89197765d7454fba5b1316491fac7e,5f0b28f932b4492c91ed6e540f7776bd,9719a9c45d664deabe678a39f647125a,b70f0a39763749a199c22c426ff10328,527bb65afa1e42a9a63dd6be3776950d
651d2bc1cdfd40de80966295ff90ad4a,75800c15a29a4964a7ec2cbce20135eb,b0d43e2fd63148929cf050bde5db6470,bdef5e989b8d4b868ce06b51ce8ac81b,d1266a8a69004463a9c56c09a4b55349,90fced07ed524bc9ab6a8ef8b38371d4,75436fed238e4a06aa6d74732132bf8b,c6ebb6f99d454ae793fdaadb5b2f776b,7d7af187b87243c0b7ee0f5f9e6ef833,c49df913cb1c4b24b6a7c3d90ebfd915,31d46b6ef6fd4860acc5026f7d11903a
7dec0d8ab54145149650dc93fe035512,107f27bf1e1945169726afab00212aec,dd9226f06a0343fa8cdfe208f103689f,2f15ea8a4a864fea8cfd40458c4c4514,e80e07a6650741389671bd7e3f517739,fb7f37d86df14e4a807cd7ab8fd58494,5a9f0cb8412c47e1b6d83b4ec84baddd,10af960714cf40a08bd1727807d15ffe,0020d9ccf91f4944afe069070529bd34,dceea955fdad4d9c9b816acecf3485e5,2bfa3c99576d40f3867bd2e1888a46ca
db0c88244516406ab2d963e8e991b492,1a8890ed47724179b60b4e01d724e9ad,f9f4c5056d834e049b3cebbc8f9686ff,4494dd8a18c94b48887c57a3639ffbba,c70e8e7af9364de6b64710b019766580,74054301dc504723ae9bdc68a83793de,e47d1cd5cf8c4c4795488c6dc415940e,930bec3be80d4f078114241d164b49a5,98ee0e0fe5b64960bedca79bfa3feeaa,ace091a307a64233aed147610fbb7f43,6cfeffba5a3e482da716d4ecba1f5c56
12600dde111c4f8488dff25ffbca1b63,41e367de6ea14be7a4fab9c430c418a0,f86fbb195996443aac04585927734a77,7dba07eff9e64b4dad8812c29fef620d,32b564f3f00c4c7888f60e0c129c624d,1aaa9ef342274bb7aaf54dcf652dae0c,53272e5d17fb43cbb9168d868cb1cf8b,9cb5b672f4b549c3825be1a865bdceb0,51f6fdc27aee4f31a7217bc6a54ae455,633dc85a59ac4797bdc41b35c3835a51,80d81f8c1b2149809251e3995b51d8bb
5faef711a85244aca731a0071f300fa0,383897e56b23423dbec8a61dfa9f789b,cf148b0b408842dda594e6ee5a46a9fd,c8bd9482c2174468930b5ee869b7e57a,d8caa920d1d042fca921897d69f0a726,4d9832d64c20483a9b34f85add0bb031,391332c620834e4da0b969ed3869c1d8,bdd81c612d79477693a3401a32d5b10d,3055673ebc9a4bd490ed031812bf874c,dcb2408a6ac7421e967194a13350d82b,b805494f5464419a919efe1ff113cdc0
9e2cf1c6d98049968417c950745862cd,4f38e347a81a49e9aec89ccbd9ddaae2,43320cf6611242c380361ced5c688d42,744b6cfb880d4748acc34df9fb85fc09,805542c67d7f46fcacec555905d409a0,61056aba884a4530b074d39d46b46dec,cd34175243834104bde29e20f6b24a0b,d5110abe882f4001a5c092f614b19e33,06d952d066794041971422d3ca369dee,7db9d83cfe034fe0ac2db1ceb8348818,6f4b7430d51a4fc9b9a15fac2c51562b
1074504e236949668d371bdb76cf73f1,16c96c8da0ea4e8e84cd8c1cd98898f2,135ed5e19d8642f1abbc1da832f930d8,e6a973b94f8a4840b997f486fb26c65b,9059e5fe5c97436cb983fa9c5c133e0b,b611c87cf9ac4c2cb10f66bf3d317ba3,cd976cb253c34b29ac8c78bfe134102a,3f53002b52634d3084744b833ddaa2d5,d5959c842705431f9d2c631348fd6f0c,70e375c7b6f8487ab57c88dbd8d95934,759956e0a35f472aaf6b421327dc9ed1
951ed6910dbc4e53ba29bad366a9f67d,82dc961a122a4dc5a97ac32021157b71,86e4b3d3d5944b169c6a04313f11a6f7,efa7fd05ae0f44c9aca2ecc5f86cbdfa,c699e17aae0a485aae0fb50c9f1c875c,c61e1e592570487088074cef60fbc753,e275eb0932874740bc8cc428a49c71d0,7133a5b4620347689012d43c9c56eb42,473212fb140a4e38ae84255e4b18746a,699e13d9a3f84d34a09edb302a900a37,6278a2eb71e14643a0c9a6feab15ac17
81759ecbedcc481c8379a29c74031195,d37b6f95ee0748c5baf881b888668921,c0befe8ade8d4577999c1c116e95d87d,060d1dd7dba6403088f67fadb8c4cf44,89dfb17d7aeb4b549835a75fa7ad0747,52a9f3a17dca4d5a897410224c777892,a7f6fba4e34942969085f4662c5e2ef0,34ce7989a4c440a882c40fa7891ce9d4,7c0137938d5a4d51b35713fd16c5cf18,353cc66a166346be9b6d1f3f17024b05,46cd88cb440346c6997e7f242887f6f8
6b2635b5a54e48cca21469824af78237,a383addd222c495aab1ef354dfa8040f,1878b774e33140b49cc521336eb70eeb,da7e27b1766e4d8ea46c0fed5320e217,16050b1ecb8a4bc58599967f47d852a5,875e48c888b84300bad3363b57821ad6,e8fd1cb14597408891dd692284385c34,3fb5aba92d7a48929490b144b6e3b385,6cd5edb359a84be3b69a15bd14e1a4bf,bdb2c91add594cfe9ba838254d7bd418,e7b5a88fa3104ae2af731e24812f1567
8494745f57bb445a9790e2d2abd5e71b,f981883fbcce46d2b441ec2890599eee,833fd05701f74898afef1c31c2bae668,b3e59e519de24e47be890e779618c256,a66be38173e246be9a34aba8b975ecec,1c947fa04b1440fa91ab5c5a408e54d4,94ba940609114bf99c25d0bb1b3c473e,06017d36b7f14557b42547c53e87af4b,91be73936cda428bb42423f4860d42cb,c887b03237dd4ca888831b90b8a42139,587a74cc8a704980b5ce73fa168bfd4d
17711da466664a808372408fbbe9fbb6,f7a4cedbf2f44fb8b383c6912e7bb805,c8769ce3e3d24f4697ca1887e171260c,be4cb5bc4a0f48b9a3b56ef8940ccf4d,e4d39a4e46ef4882bebd42e02c56681a,392c0474fd5d42e8b84f810f35ad6d57,11a1b53f158f4a4895eaba0e85080a44,a1d22da89d4a4489bd0b1f65e4d3795d,a0b23dd893344f91bc64137992801e1d,ec2df94fa51f4751a9e3742609af1414,39925d0366ad4279b6d347802317e09a
292bf84b9f984114a8ac1e3f5d2d154d,544b3f3385d54b519dbb21d3eed83bd7,681cb37301da4297a09a96b466a33430,e0d6f9d848a54298845a9e3edd9527cb,ab0c8da3b9e74bd29db82eb8d9c34913,9347e57586ba4f0084d099b777217379,7eeb452be46d420e97a3ce57b0b49f81,c872abb4f8784dd49c59eb52dc838415,94ade94f373d4c468db1e7fe53febd69,3f773877af9b490188f2dfec21566b84,b6277349c90540d2acd5cbe337d330c5
741cef9f2a9b49f686a6581832de15d3,a361f4cf65f34d49aaeed4fe1259c6da,2c7464e5fddf47cca4b20168b84c0573,fdb725bdfdfa4d999ed7aec1411df5b6,e917d552a88b411787c33d3c7f2300ff,a4e955cf180843b98ca0c6271a265cd8,debbb8329fea47fc838c9858a3ab1b7a,0b36ae97505f48979ab345e8c96185f5,2c055a7feb314e8797b0141387b354c1,1f912a11eace4623afdb68a608295b35,9aa701cd090348729d1f25e057e24e60
b5adc03a32a64586aa1721d3eacaa4cf,77bf99479a2d4578af8eef9882e90676,9385ede3c22144edbdf01c676d553ad9,b719a96f88634718a1b31898395cb856,b0288859dbf646ba8093b9d62d60322c,7e5cb0a6f94f4833afdf53642d43bc88,483ad021c5b34e81b40f8233e6860397,19277fedaf6340d3b703a90f17bed2d8,fb39d9de39b34483835c0cc0e48d2af6,e59004265eed4f48b3f4a2a8d72374f8,b1642b0674f14ac1a406cfdb44bef96e
a5c156e835944f8aa3ec98c2c2fba089,d9e5789c468c4ef3a082615ae8bfd98e,414c2feb46f249dcbaecf53cb605ea04,1061f35ae6b940028f5e239a4891e211,db642c4a19274ae9ad941d7e1e7e14e8,b6875a81ea6d44208e20ac18a59a583d,6d3d0fc9cb254b5da58855b56f9399c4,543b2d868f0b4d0ebf8f74eea362983f,7006411be2444d4ba109a39cf4e72bca,a40ff6cf43b8401a8b2db73679d625e4,9c30b4787cdb4f448937e694efecb2e6
2d807a07106d4da8a7748653d8c03eeb,888a0f4d19ae43c280df3f34ffae91ff,32b6040583834a2a85098dc0182820ba,830fb85ba18b4fb3a74d09884ba6b0b5,7dd00ab2aba942c0b100cf4f81f32408,1426562e4c8e4c6cb2d4cfafa8a6496f,f9ead7da5c44400183662d8283928c7c,2fd88ce571b141d3bd17d81011227266,3e41542a4f3f4929b89d39e7551a37c5,40291d6ac23545e1b1e9eeaa81e78540,8444abe111414ca79823a1f2e1f67a73
958f72c61a5a449c90107e9cf643d67d,0e865cc057074d14b13a92416727e020,dc1b0d05d03d4430a9cb0a02a3614553,1a0365d2cebf435b89f0da47e1a249fb,0edecc145b6e4448ba3b257790090f8f,59af67f063764c159d86f3464d5767b1,dceea955fdad4d9c9b816acecf3485e5,0020d9ccf91f4944afe069070529bd34,2bfa3c99576d40f3867bd2e1888a46ca,b4275445a0654734a0f49074e9c02cd8,a6df6bc285f1405f9276176d8ddd2818
5f6646924692441f89e4ffbf6b313311,7335d65dd777433485187f345ff05c3f,a9d4cf41d0d04118b29824cd994c710a,1035ffd74ee6409aa34f9e2fe515ca2c,496a7fa5601f4d2f82ea2704e7c1c96d,6e87bc4933454bd6bb3355cce71e8122,75140d772b3e42b98779f74bb9bf4531,411f494dd0c241b4bf5c89bb9f69019a,158c3d788a2246ca841009eac61689cb,ed28b36a97ec472eb4eaa71ec30dc1ac,c4555074dbeb45d899fc59f0137194f9
6d2d76b1d0ff4d1d8b41296902940ed6,48dbb5a7d0a14551a1d053aec5b2a3e4,d443cddd45da4879b2fcca918d3b38a5,84834495d7474dd69e588c43bd7c2045,836385fee78d40faba293ff1b1b6481a,9a0c6386081842e4959025ce7c45016c,76889c750d4b403296019574160db297,79a68794a3db4cd5aac63c074b0f36a4,2bf7f7c39e3f4f42a305ba159fb1ecf9,e3d588fd2da14c47897adbdcc5e6c307,6efdf99da86246e6bf15e63b8c8ccf0a
9a40c285023f48d29b90890fdbee55c0,2977c87360b24866b60d4ea57cec7fc6,519a8b6ee8aa4ef2b70a190e516258b6,6ac6b312bba6439b8d169fa0a5f147e4,fe31af8bdb7c4777bd90f84b6bdf06da,595c70af27fc432ba1fdedb81adc5c3a,5d7504e919c04f29843ea03bc6a4021d,c7cb6efd91944b2f8cda4fc888b2a7ba,ae226303a6ec412e9d259af1ae21ed15,0073c1e071e54069b4786633e678cd75,ad19cccbb6874ba0b7931906436a6998
0d5c656fca064cb3904b7416bb3aab29,ac136177d5824e2380721c4ceafd8a2a,9b51879f67304ad180f0ce385fa8cbcf,f8a552a02b2b467bbff1bd8fef453ded,613d7eef3cf3473e8c4028e52b031a27,7e5cb0a6f94f4833afdf53642d43bc88,b1642b0674f14ac1a406cfdb44bef96e,88318ab2d0884b409faef7fc18934355,6f4b7430d51a4fc9b9a15fac2c51562b,67414f01cf87451b98a4b0ca5064c4d6,7db9d83cfe034fe0ac2db1ceb8348818
b6f50b269fdc4f7ab9bd86cef0f5afc9,176d2d12c3714dbeaa869f403c3f8ec7,5ec914525d8c47eb99f043c0efb91d49,6db4a59fb71d40dc9e801f382817dc28,de4b3dfc3b0242928086e98f412ec72a,806f482c346c449cab5ab4e8cb68514b,93cafa7a655748d9af153f04f3660a98,a483211857ce4ce8928ee6dc66cff7db,8616205644174cccab53bf321bc5e38f,f581c1ab46c14f1693bb0dd1047314cd,b0b4c711968342649155226e37ecc60d
4af2e951c1f84cdcaa4168011cfd1bee,16050b1ecb8a4bc58599967f47d852a5,da7e27b1766e4d8ea46c0fed5320e217,f803a2fb530f48aab47e0305cceccace,875e48c888b84300bad3363b57821ad6,a21c1f461e0a4ec6aab364b0a11f4de8,1878b774e33140b49cc521336eb70eeb,bdb2c91add594cfe9ba838254d7bd418,e7b5a88fa3104ae2af731e24812f1567,6cd5edb359a84be3b69a15bd14e1a4bf,b9a878d27cc24f26b946908878c57a24
38d082d9d7d1467c8c65b66e5af571d0,c917db5fe3464803aa84f92c8a75c19b,bce1558d0f224222a1c3d750217a7ed5,03a5c3e214b844eea8c2549f7a58f6bc,52096473cbdc48d08a98f6e7d4cd75bc,4473ec14ed19439782979cd0f7112c98,395c22db326348d591aa1eadc960a91c,f4d283460bd8449f857c0a87fef6387a,1f7d3b81956543e68118c3343f6dc379,2fd88ce571b141d3bd17d81011227266,40291d6ac23545e1b1e9eeaa81e78540
e57c69c5947649c08712e8f7b5c2736d,36e5e9de99f64ee6b295d0970cc701ed,278125d70f574dfa8ee2bc8ff92a716e,1be3fb6c7e7c48a8a30920028c9276cd,2105309fc08248209b6ae16da7c5d68b,1ec7d41333b74047a44662380268a0b7,f1374db1a28549b7acf80b3c567c0113,c7b9ce9cf0604943b6f8cfe134f6c83d,dbdb963a5ce64412bee3c14cf96d1325,b3b7bfdb4aef48f08ed1f20b9daf2de3,7efdf9796395421299f1797215bc71af
1276afacfe2e44f0a511fe5e824ee43b,efa7fd05ae0f44c9aca2ecc5f86cbdfa,21b0c81a7beb48d8b0c22f3f01aa67a8,c699e17aae0a485aae0fb50c9f1c875c,2660cbd6eb564d0bbc806032f70df5d5,699e13d9a3f84d34a09edb302a900a37,804db47b5e7f42669ad2710142a8e234,7133a5b4620347689012d43c9c56eb42,473212fb140a4e38ae84255e4b18746a,c36b27be24774d46b2b5e9fd39ed19f2,c61e1e592570487088074cef60fbc753
90661f059276455283c7a8c0902d3733,f98ce828274941e3be51c8467ecae943,ccdc534c69474aa78f79c5933fbfd6f2,b6277349c90540d2acd5cbe337d330c5,9c30b4787cdb4f448937e694efecb2e6,543b2d868f0b4d0ebf8f74eea362983f,9a61ac2b5e56428f975a5fde5f5ab07d,c7858141bb5c488bb255612e4871de5e,5687f98fb85d48499e16db784fb3ec60,64d55dcb3c7449119e74642f176292b8,100b0002537e40e7a4d9fcb5f82ddf33
d3fb5901eae14837ad0677b30da62dec,7006411be2444d4ba109a39cf4e72bca,b6875a81ea6d44208e20ac18a59a583d,db642c4a19274ae9ad941d7e1e7e14e8,b0536545e2b5468c82a1613fbf11c28a,6d3d0fc9cb254b5da58855b56f9399c4,a40ff6cf43b8401a8b2db73679d625e4,f94b488901a3453c9c04a232eab32ba8,5b3fe963c17b417ca472c1e13cfc3d34,7cc436b52a454cca8ac75241316d845e,635dce00edd942ecb5c18d0c0080c4c6
ae323732a2ec457d82c66a2be0fd04f4,dfef730d7e704c20a7991ac62ada4e44,f76c4b472b8f48cf875afda938d334d8,27ff72dc1b4746bfad6c719da1b9716a,26cc7dfc562340759677cce84f341278,9d96fd2586f3483080e057046bb01c8f,8ca26181219a4ac48f9ffc92c1a9745b,d113cb5cf2e244aaba540684639b6ffd,59ee5e451406490ab0f1c63d44ae6c0c,ff3ff5c253744570a8708608f01d1c46,805542c67d7f46fcacec555905d409a0
c6351eb537fd4ac7b29125c0de308c26,ac136177d5824e2380721c4ceafd8a2a,f8a552a02b2b467bbff1bd8fef453ded,9b51879f67304ad180f0ce385fa8cbcf,613d7eef3cf3473e8c4028e52b031a27,e59004265eed4f48b3f4a2a8d72374f8,fb39d9de39b34483835c0cc0e48d2af6,b1642b0674f14ac1a406cfdb44bef96e,67414f01cf87451b98a4b0ca5064c4d6,7e5cb0a6f94f4833afdf53642d43bc88,b0288859dbf646ba8093b9d62d60322c
07418c8839044b12a5210a58260eddf8,38601e71e958457bb1594eb46e82514a,6dbd44fffa0c406ab4bf27126f457516,7efdf9796395421299f1797215bc71af,dbdb963a5ce64412bee3c14cf96d1325,6b9b6ca6105342699ef0c88d3817bb99,89dacd2cb0be4b2fb92816093d1f03f2,86b2edf9aa664c84a8b466fbbf3c2fbc,be639f64ae5140abbb2eff44be6b6651,1be3fb6c7e7c48a8a30920028c9276cd,278125d70f574dfa8ee2bc8ff92a716e
2082ba5cfcee4b5293d53d11dd940219,102587885b394ff1b73d9af9a6d9254d,69e9a17b494b48aa85ed4b9aac347e7c,04b7af21ca364a6a8906da1ce4af0c83,cb05cb6476f745508fa414d46e0d62e1,ea76fda2b67243a7b8ad566fde232ab0,f394dca9df474839ade390713b4e1640,16ef6deca45d4956a1596c6795d69956,31bc8ee6b49646fe8533ac1628887e94,511d0f31c4384295841cfd11c94ef954,38b0287944904e45a63515cc21562997
bfd4e5134c3140d0a4075c9fe7a1d909,0b741dcbeb564891a80ce18d0144a3e4,5eb9cce498104e90890e62561d300e91,500270bf0eb44861b275cb7357d8410c,c5fe41016fc040869ffc83a01affc571,f5b9dd1be0b04212ab728e6b029c6de5,018e533205f04ef7b3abfa98df061077,4439cc7f44e641918d2a304cc9c4a626,f985c88fee1a4d799bf339444e000668,2c4082f83b5a4517b1601eee725866d4,893046ea616f446a9fce958c9766cfb2
2548709da3124ff3b8bd929ca9b3529f,21a7f4b6e4354de6bb0f105d5d596128,1e7bb7d6d45e413086d3ccd95544f109,c1d0922ac9e34ae9af99477060b9335b,b523166c90e44f1bab60711664ea6796,11e988d07bbd46e3bb3f4d7988a86eb8,2f15ea8a4a864fea8cfd40458c4c4514,311a4b6145604047b73ab011990391f1,107f27bf1e1945169726afab00212aec,d09cafc7824249ff8b9296746e43e06d,dd9226f06a0343fa8cdfe208f103689f
a36f03c650d74f54878be23be409afbc,932f170e51c740a5a5d37bc9c255ba9c,7a22d42647e642058cfd0f36e6de3bc1,7a82a9b9e31b4643939d9456eabe22f6,b772c296c8d442e1bb364bd0b979ba2c,9bb391cc299f46dda9707c10594c7aa9,c841c802c04d41d49b16d775806adb29,44cdc5d829ad4d9c963cb3dfd6d462e9,f024852dda3a448297ae6f8d17f010ae,7f08ad01b7704bba935ca5ed65e13dbe,c5ead71e129b466185355c2a9778ca1c
93fd5f78614a47c89cffcb8f556be87b,b805494f5464419a919efe1ff113cdc0,dcb2408a6ac7421e967194a13350d82b,1f4e759d3fa94fa1b0541b146a40e1d9,a7773e2468284e18b22f69f97f882e9e,4d9832d64c20483a9b34f85add0bb031,7694ff82ddd64a3aa502a1c5b007b91f,d8caa920d1d042fca921897d69f0a726,df8331c06b1244f1b143412ba654e883,bdd81c612d79477693a3401a32d5b10d,391332c620834e4da0b969ed3869c1d8
3992c31354bc4fb3beb28dc425afa650,ca6374c8598046dbb2b50a08b573f76a,35180a4e2d8f4e38b4da76e4f3bdfd3f,667d2ed2c26c47efab4a627de90969d5,a50e825871ac4c7f9114b48c83ab4633,e4d5292f66414aba8544a8e6dc076404,74e5f3c1d74149bfb9c59b58092ee223,71220ac971dc4b12b5c9c9f4ea9e2d7c,366fb77451fd4304bc110fb19018e7d8,6bddb085b250405986a89a4b92bf8d8f,97c466992a9b49d6be6e341b045ffa8d
773b4c5fde76459fb8942eaa440c22ba,c1d0922ac9e34ae9af99477060b9335b,11e988d07bbd46e3bb3f4d7988a86eb8,b523166c90e44f1bab60711664ea6796,311a4b6145604047b73ab011990391f1,2502fb1cbbbe4c7e84dced75cb6d807a,89447d831d134539af8bdd96752b25ef,f91fa76d02e04f0d83de4a982b01eee0,735865fda883408cbf1b2803060b4ee8,46ac50caa5d641df854e1a40202109ee,691621a51c924c52ad4f151cc19ad5ae
8431b110a82f420d89fb3bffafadf74f,9bb391cc299f46dda9707c10594c7aa9,c841c802c04d41d49b16d775806adb29,b772c296c8d442e1bb364bd0b979ba2c,44cdc5d829ad4d9c963cb3dfd6d462e9,f024852dda3a448297ae6f8d17f010ae,7f08ad01b7704bba935ca5ed65e13dbe,932f170e51c740a5a5d37bc9c255ba9c,7a22d42647e642058cfd0f36e6de3bc1,7a82a9b9e31b4643939d9456eabe22f6,c5ead71e129b466185355c2a9778ca1c
41eaba4999d34e4f82936440ce29c1e3,fa1e68a72abf44849cd9ec5327888853,514a3668dc684f63b7d6817d2f1306b4,fa7ab7f62ca84dd38d417ba413a175fc,40484c7c6afa4e05a946533abd26aa67,db2940d153664264b342b6427b8a80fd,fc70f2fbfadc4062b97d7d07e30cb0b0,e917d552a88b411787c33d3c7f2300ff,fdb725bdfdfa4d999ed7aec1411df5b6,a4e955cf180843b98ca0c6271a265cd8,f51eb8efd12f49c1a9e3137970dd4ddf
ab34af2488ac4b7a9ff6e04196bc5478,0bf91dc1a7cd4cd88488209466b6b915,a85950d139c649afb2dd3d63d663d03a,435c5449832b42d48be9212dc5d42b61,c06b9f5d7fe841f692e37104463a2eb0,0c85b5e5712442b6b3f2b929bc13525b,3e121418877549259d7f9d59ad4cb292,3d864e75578f43d998c267481df8d540,64f7531e9de2462ca3e1e599d04d59cf,36b67422580648f79aedab84459318ad,ebcd53d3c608468c959e96c1f00bf697
4964513c6c5946858e2c844b5b4a9c8b,e26dc343130e4e7a8b87a3aee549e0d7,00dc933848c24d9f83daf1659bd42ede,c0594a25370747b4b26357854ae1baa2,735865fda883408cbf1b2803060b4ee8,b01ef3464b514e85ab58769ee79164ac,72f6b6a60ecb4455bb2a1e6d1afb33c3,8d4c9990d28341d580221d2e8524fa91,476a5c65076144b98a20f0b0753bb04d,89447d831d134539af8bdd96752b25ef,f91fa76d02e04f0d83de4a982b01eee0
905a2521dd53412588b3cea25ffa7a9a,c49df913cb1c4b24b6a7c3d90ebfd915,978a94e0e210473184bfeeedb8cd5ceb,f0172286a95f4254b3e45aceacfa9340,dc9dda3b6c41409eab99f3e41dd8cde8,379936672c0d4a0393be6bf0cebbfae6,75436fed238e4a06aa6d74732132bf8b,c6ebb6f99d454ae793fdaadb5b2f776b,7d7af187b87243c0b7ee0f5f9e6ef833,6a35037133914287968b107fca93a80b,31d46b6ef6fd4860acc5026f7d11903a
b1f45fe268584c4ea1bd858f985db985,483ad021c5b34e81b40f8233e6860397,19277fedaf6340d3b703a90f17bed2d8,52d7d8b1d28e4e86a1e2499682085f4c,9b192b4a770b4639b1a9202c285411ae,9b07de48cd9b4d15bd691f6bbfde2d0c,77bf99479a2d4578af8eef9882e90676,9385ede3c22144edbdf01c676d553ad9,ac61e9f71f1545d4bdf646de697d4359,b719a96f88634718a1b31898395cb856,1b52fd238c4242f0a6be568c2246582e
d7e0b81431b84c758eca199359a7531f,cd976cb253c34b29ac8c78bfe134102a,d5959c842705431f9d2c631348fd6f0c,759956e0a35f472aaf6b421327dc9ed1,3f53002b52634d3084744b833ddaa2d5,70e375c7b6f8487ab57c88dbd8d95934,efefc02efc8b42a389781b22b17e2bf0,16c96c8da0ea4e8e84cd8c1cd98898f2,135ed5e19d8642f1abbc1da832f930d8,0e041e2b892a48208e289b60d7ff1321,b611c87cf9ac4c2cb10f66bf3d317ba3
649f6c21909f41e8afde06370e46701e,ea2d8549270b4fea924db157e9b365e4,ed89cddf50744c2ba2b44eedb4e5a0d6,61e63ea5622b49168a66267abbd94511,3ce718aa62404794b8877b3c894945e6,8cff10547bcd4b6f98f5aeda2816481c,c0bc2ed435a042cea7b6ffb238b55bda,0a07e9dbb2544f50a35f97d55835e1b0,88a38730b10b4cce867a4500e6284160,fa4bc99f9cac43479cde9d152d80393f,1cbb488410e343c98b3727b15f5cd886
9822c7481f8c424fb6dc8b22d19c8645,50a9e3ea1cdf440297563ae695074b89,8960ba6c29ff477399528254db6bf1f2,83d3f9cadbb1452b830392436bb8c898,0b22223d81bc4914985802e7467200fd,84f1c71c0d0941d381ca8b8a9993a0e5,fa22fd2fdcca4febbf829641153647ea,f241413df3704619b73d41b93bff90b2,7ffcddcbad37459889c6c9065dbb6a10,f5f6e240d61447bb90db587a4a285641,4d9dcea3259a4f98ba0da1bc52f74764
e4536f4645ce4f0ead7143d505079799,86f18847a55549bc9cdc60eccf251e6a,8a3c2c8dfd98427fa0f8435bbd39daec,39b372fd9a60400db2db3eeaf7bf0d8b,ff3ff5c253744570a8708608f01d1c46,8ca26181219a4ac48f9ffc92c1a9745b,d113cb5cf2e244aaba540684639b6ffd,cd34175243834104bde29e20f6b24a0b,805542c67d7f46fcacec555905d409a0,59ee5e451406490ab0f1c63d44ae6c0c,ffd40bf1380a40f7a8f971355e9966ab
ea2b0f0f25ea4ba8bcab8642ec35db31,9a0c6386081842e4959025ce7c45016c,76889c750d4b403296019574160db297,836385fee78d40faba293ff1b1b6481a,7c9bd8dbe7244d559fea35071cc4013b,84834495d7474dd69e588c43bd7c2045,75c4642452e64913bf94747b94f27452,48dbb5a7d0a14551a1d053aec5b2a3e4,c62011c694af4d06851a74e4210ecf52,d443cddd45da4879b2fcca918d3b38a5,7c2a00f1bfa7496380c75b6bdac5770c
